first_name,last_name,email,rental_count,total_amount_spent
MARY,SMITH,MARY.SMITH@sakilacustomer.org,32,118.68
PATRICIA,JOHNSON,PATRICIA.JOHNSON@sakilacustomer.org,27,128.73
LINDA,WILLIAMS,LINDA.WILLIAMS@sakilacustomer.org,26,135.74
BARBARA,JONES,BARBARA.JONES@sakilacustomer.org,22,81.78
ELIZABETH,BROWN,ELIZABETH.BROWN@sakilacustomer.org,38,144.62
JENNIFER,DAVIS,JENNIFER.DAVIS@sakilacustomer.org,28,93.72
MARIA,MILLER,MARIA.MILLER@sakilacustomer.org,33,151.67
SUSAN,WILSON,SUSAN.WILSON@sakilacustomer.org,24,92.76
MARGARET,MOORE,MARGARET.MOORE@sakilacustomer.org,23,89.77
DOROTHY,TAYLOR,DOROTHY.TAYLOR@sakilacustomer.org,25,99.75
LISA,ANDERSON,LISA.ANDERSON@sakilacustomer.org,24,106.76
NANCY,THOMAS,NANCY.THOMAS@sakilacustomer.org,28,103.72
KAREN,JACKSON,KAREN.JACKSON@sakilacustomer.org,27,131.73
BETTY,WHITE,BETTY.WHITE@sakilacustomer.org,28,117.72
HELEN,HARRIS,HELEN.HARRIS@sakilacustomer.org,32,134.68
SANDRA,MARTIN,SANDRA.MARTIN@sakilacustomer.org,28,118.72
DONNA,THOMPSON,DONNA.THOMPSON@sakilacustomer.org,21,98.79
CAROL,GARCIA,CAROL.GARCIA@sakilacustomer.org,22,91.78
RUTH,MARTINEZ,RUTH.MARTINEZ@sakilacustomer.org,24,125.76
SHARON,ROBINSON,SHARON.ROBINSON@sakilacustomer.org,30,115.70
MICHELLE,CLARK,MICHELLE.CLARK@sakilacustomer.org,35,155.65
LAURA,RODRIGUEZ,LAURA.RODRIGUEZ@sakilacustomer.org,22,113.78
SARAH,LEWIS,SARAH.LEWIS@sakilacustomer.org,30,119.70
KIMBERLY,LEE,KIMBERLY.LEE@sakilacustomer.org,25,95.75
DEBORAH,WALKER,DEBORAH.WALKER@sakilacustomer.org,29,115.71
JESSICA,HALL,JESSICA.HALL@sakilacustomer.org,34,152.66
SHIRLEY,ALLEN,SHIRLEY.ALLEN@sakilacustomer.org,31,126.69
CYNTHIA,YOUNG,CYNTHIA.YOUNG@sakilacustomer.org,32,111.68
ANGELA,HERNANDEZ,ANGELA.HERNANDEZ@sakilacustomer.org,36,140.64
MELISSA,KING,MELISSA.KING@sakilacustomer.org,34,123.66
BRENDA,WRIGHT,BRENDA.WRIGHT@sakilacustomer.org,26,104.74
AMY,LOPEZ,AMY.LOPEZ@sakilacustomer.org,29,127.71
ANNA,HILL,ANNA.HILL@sakilacustomer.org,21,91.79
REBECCA,SCOTT,REBECCA.SCOTT@sakilacustomer.org,24,89.76
VIRGINIA,GREEN,VIRGINIA.GREEN@sakilacustomer.org,32,129.68
KATHLEEN,ADAMS,KATHLEEN.ADAMS@sakilacustomer.org,27,92.73
PAMELA,BAKER,PAMELA.BAKER@sakilacustomer.org,23,95.77
MARTHA,GONZALEZ,MARTHA.GONZALEZ@sakilacustomer.org,34,127.66
DEBRA,NELSON,DEBRA.NELSON@sakilacustomer.org,29,141.71
AMANDA,CARTER,AMANDA.CARTER@sakilacustomer.org,27,110.73
STEPHANIE,MITCHELL,STEPHANIE.MITCHELL@sakilacustomer.org,25,118.75
CAROLYN,PEREZ,CAROLYN.PEREZ@sakilacustomer.org,30,117.70
CHRISTINE,ROBERTS,CHRISTINE.ROBERTS@sakilacustomer.org,24,99.76
MARIE,TURNER,MARIE.TURNER@sakilacustomer.org,26,114.74
JANET,PHILLIPS,JANET.PHILLIPS@sakilacustomer.org,27,127.73
CATHERINE,CAMPBELL,CATHERINE.CAMPBELL@sakilacustomer.org,34,142.66
FRANCES,PARKER,FRANCES.PARKER@sakilacustomer.org,22,108.78
ANN,EVANS,ANN.EVANS@sakilacustomer.org,17,76.83
JOYCE,EDWARDS,JOYCE.EDWARDS@sakilacustomer.org,28,130.72
DIANE,COLLINS,DIANE.COLLINS@sakilacustomer.org,35,169.65
ALICE,STEWART,ALICE.STEWART@sakilacustomer.org,33,138.67
JULIE,SANCHEZ,JULIE.SANCHEZ@sakilacustomer.org,29,107.71
HEATHER,MORRIS,HEATHER.MORRIS@sakilacustomer.org,30,115.70
TERESA,ROGERS,TERESA.ROGERS@sakilacustomer.org,29,128.71
DORIS,REED,DORIS.REED@sakilacustomer.org,22,100.78
GLORIA,COOK,GLORIA.COOK@sakilacustomer.org,30,135.70
EVELYN,MORGAN,EVELYN.MORGAN@sakilacustomer.org,28,114.72
JEAN,BELL,JEAN.BELL@sakilacustomer.org,27,115.73
CHERYL,MURPHY,CHERYL.MURPHY@sakilacustomer.org,27,133.73
MILDRED,BAILEY,MILDRED.BAILEY@sakilacustomer.org,25,98.75
KATHERINE,RIVERA,KATHERINE.RIVERA@sakilacustomer.org,14,58.86
JOAN,COOPER,JOAN.COOPER@sakilacustomer.org,23,84.77
ASHLEY,RICHARDSON,ASHLEY.RICHARDSON@sakilacustomer.org,25,112.75
JUDITH,COX,JUDITH.COX@sakilacustomer.org,33,100.67
ROSE,HOWARD,ROSE.HOWARD@sakilacustomer.org,22,103.78
JANICE,WARD,JANICE.WARD@sakilacustomer.org,34,144.66
KELLY,TORRES,KELLY.TORRES@sakilacustomer.org,22,99.78
NICOLE,PETERSON,NICOLE.PETERSON@sakilacustomer.org,22,94.78
JUDY,GRAY,JUDY.GRAY@sakilacustomer.org,25,96.75
CHRISTINA,RAMIREZ,CHRISTINA.RAMIREZ@sakilacustomer.org,18,80.82
KATHY,JAMES,KATHY.JAMES@sakilacustomer.org,30,129.70
THERESA,WATSON,THERESA.WATSON@sakilacustomer.org,30,99.70
BEVERLY,BROOKS,BEVERLY.BROOKS@sakilacustomer.org,24,97.76
DENISE,KELLY,DENISE.KELLY@sakilacustomer.org,27,103.73
TAMMY,SANDERS,TAMMY.SANDERS@sakilacustomer.org,41,155.59
IRENE,PRICE,IRENE.PRICE@sakilacustomer.org,23,77.77
JANE,BENNETT,JANE.BENNETT@sakilacustomer.org,28,100.72
LORI,WOOD,LORI.WOOD@sakilacustomer.org,31,141.69
RACHEL,BARNES,RACHEL.BARNES@sakilacustomer.org,22,84.78
MARILYN,ROSS,MARILYN.ROSS@sakilacustomer.org,30,137.70
ANDREA,HENDERSON,ANDREA.HENDERSON@sakilacustomer.org,22,93.78
KATHRYN,COLEMAN,KATHRYN.COLEMAN@sakilacustomer.org,26,130.74
LOUISE,JENKINS,LOUISE.JENKINS@sakilacustomer.org,25,101.75
SARA,PERRY,SARA.PERRY@sakilacustomer.org,33,141.67
ANNE,POWELL,ANNE.POWELL@sakilacustomer.org,23,87.77
JACQUELINE,LONG,JACQUELINE.LONG@sakilacustomer.org,33,148.67
WANDA,PATTERSON,WANDA.PATTERSON@sakilacustomer.org,30,145.70
BONNIE,HUGHES,BONNIE.HUGHES@sakilacustomer.org,21,87.79
JULIA,FLORES,JULIA.FLORES@sakilacustomer.org,32,134.68
RUBY,WASHINGTON,RUBY.WASHINGTON@sakilacustomer.org,28,110.72
LOIS,BUTLER,LOIS.BUTLER@sakilacustomer.org,35,113.65
TINA,SIMMONS,TINA.SIMMONS@sakilacustomer.org,28,133.72
PHYLLIS,FOSTER,PHYLLIS.FOSTER@sakilacustomer.org,23,91.77
NORMA,GONZALES,NORMA.GONZALES@sakilacustomer.org,21,79.79
PAULA,BRYANT,PAULA.BRYANT@sakilacustomer.org,18,77.82
DIANA,ALEXANDER,DIANA.ALEXANDER@sakilacustomer.org,27,105.73
ANNIE,RUSSELL,ANNIE.RUSSELL@sakilacustomer.org,18,58.82
LILLIAN,GRIFFIN,LILLIAN.GRIFFIN@sakilacustomer.org,25,106.75
EMILY,DIAZ,EMILY.DIAZ@sakilacustomer.org,24,91.76
ROBIN,HAYES,ROBIN.HAYES@sakilacustomer.org,24,102.76
PEGGY,MYERS,PEGGY.MYERS@sakilacustomer.org,24,96.76
CRYSTAL,FORD,CRYSTAL.FORD@sakilacustomer.org,33,137.67
GLADYS,HAMILTON,GLADYS.HAMILTON@sakilacustomer.org,31,146.69
RITA,GRAHAM,RITA.GRAHAM@sakilacustomer.org,24,92.76
DAWN,SULLIVAN,DAWN.SULLIVAN@sakilacustomer.org,26,120.74
CONNIE,WALLACE,CONNIE.WALLACE@sakilacustomer.org,23,100.77
FLORENCE,WOODS,FLORENCE.WOODS@sakilacustomer.org,30,126.70
TRACY,COLE,TRACY.COLE@sakilacustomer.org,30,132.70
EDNA,WEST,EDNA.WEST@sakilacustomer.org,26,107.74
TIFFANY,JORDAN,TIFFANY.JORDAN@sakilacustomer.org,14,59.86
CARMEN,OWENS,CARMEN.OWENS@sakilacustomer.org,26,97.74
ROSA,REYNOLDS,ROSA.REYNOLDS@sakilacustomer.org,30,133.70
CINDY,FISHER,CINDY.FISHER@sakilacustomer.org,29,113.71
GRACE,ELLIS,GRACE.ELLIS@sakilacustomer.org,33,139.67
WENDY,HARRISON,WENDY.HARRISON@sakilacustomer.org,30,91.70
VICTORIA,GIBSON,VICTORIA.GIBSON@sakilacustomer.org,27,111.73
EDITH,MCDONALD,EDITH.MCDONALD@sakilacustomer.org,19,71.81
KIM,CRUZ,KIM.CRUZ@sakilacustomer.org,21,82.79
SHERRY,MARSHALL,SHERRY.MARSHALL@sakilacustomer.org,34,153.66
SYLVIA,ORTIZ,SYLVIA.ORTIZ@sakilacustomer.org,32,143.68
JOSEPHINE,GOMEZ,JOSEPHINE.GOMEZ@sakilacustomer.org,26,109.74
THELMA,MURRAY,THELMA.MURRAY@sakilacustomer.org,32,126.68
SHANNON,FREEMAN,SHANNON.FREEMAN@sakilacustomer.org,24,100.76
SHEILA,WELLS,SHEILA.WELLS@sakilacustomer.org,18,73.82
ETHEL,WEBB,ETHEL.WEBB@sakilacustomer.org,32,135.68
ELLEN,SIMPSON,ELLEN.SIMPSON@sakilacustomer.org,28,117.72
ELAINE,STEVENS,ELAINE.STEVENS@sakilacustomer.org,24,107.76
MARJORIE,TUCKER,MARJORIE.TUCKER@sakilacustomer.org,32,127.68
CARRIE,PORTER,CARRIE.PORTER@sakilacustomer.org,34,124.66
CHARLOTTE,HUNTER,CHARLOTTE.HUNTER@sakilacustomer.org,24,93.76
MONICA,HICKS,MONICA.HICKS@sakilacustomer.org,30,128.70
ESTHER,CRAWFORD,ESTHER.CRAWFORD@sakilacustomer.org,28,95.72
PAULINE,HENRY,PAULINE.HENRY@sakilacustomer.org,27,98.73
EMMA,BOYD,EMMA.BOYD@sakilacustomer.org,23,94.77
JUANITA,MASON,JUANITA.MASON@sakilacustomer.org,30,110.70
ANITA,MORALES,ANITA.MORALES@sakilacustomer.org,15,62.85
RHONDA,KENNEDY,RHONDA.KENNEDY@sakilacustomer.org,39,194.61
HAZEL,WARREN,HAZEL.WARREN@sakilacustomer.org,34,110.66
AMBER,DIXON,AMBER.DIXON@sakilacustomer.org,27,113.73
EVA,RAMOS,EVA.RAMOS@sakilacustomer.org,18,83.82
DEBBIE,REYES,DEBBIE.REYES@sakilacustomer.org,32,130.68
APRIL,BURNS,APRIL.BURNS@sakilacustomer.org,26,94.74
LESLIE,GORDON,LESLIE.GORDON@sakilacustomer.org,22,89.78
CLARA,SHAW,CLARA.SHAW@sakilacustomer.org,42,195.58
LUCILLE,HOLMES,LUCILLE.HOLMES@sakilacustomer.org,28,108.72
JAMIE,RICE,JAMIE.RICE@sakilacustomer.org,29,139.71
JOANNE,ROBERTSON,JOANNE.ROBERTSON@sakilacustomer.org,34,127.66
ELEANOR,HUNT,ELEANOR.HUNT@sakilacustomer.org,46,216.54
VALERIE,BLACK,VALERIE.BLACK@sakilacustomer.org,26,121.74
DANIELLE,DANIELS,DANIELLE.DANIELS@sakilacustomer.org,25,105.75
MEGAN,PALMER,MEGAN.PALMER@sakilacustomer.org,27,92.73
ALICIA,MILLS,ALICIA.MILLS@sakilacustomer.org,21,83.79
SUZANNE,NICHOLS,SUZANNE.NICHOLS@sakilacustomer.org,24,94.76
MICHELE,GRANT,MICHELE.GRANT@sakilacustomer.org,30,130.70
GAIL,KNIGHT,GAIL.KNIGHT@sakilacustomer.org,25,109.75
BERTHA,FERGUSON,BERTHA.FERGUSON@sakilacustomer.org,25,101.75
DARLENE,ROSE,DARLENE.ROSE@sakilacustomer.org,31,113.69
VERONICA,STONE,VERONICA.STONE@sakilacustomer.org,32,126.68
JILL,HAWKINS,JILL.HAWKINS@sakilacustomer.org,21,68.79
ERIN,DUNN,ERIN.DUNN@sakilacustomer.org,27,106.73
GERALDINE,PERKINS,GERALDINE.PERKINS@sakilacustomer.org,30,112.70
LAUREN,HUDSON,LAUREN.HUDSON@sakilacustomer.org,20,71.80
CATHY,SPENCER,CATHY.SPENCER@sakilacustomer.org,29,122.71
JOANN,GARDNER,JOANN.GARDNER@sakilacustomer.org,16,66.84
LORRAINE,STEPHENS,LORRAINE.STEPHENS@sakilacustomer.org,21,86.79
LYNN,PAYNE,LYNN.PAYNE@sakilacustomer.org,28,123.72
SALLY,PIERCE,SALLY.PIERCE@sakilacustomer.org,32,119.68
REGINA,BERRY,REGINA.BERRY@sakilacustomer.org,34,135.66
ERICA,MATTHEWS,ERICA.MATTHEWS@sakilacustomer.org,22,95.78
BEATRICE,ARNOLD,BEATRICE.ARNOLD@sakilacustomer.org,26,119.74
DOLORES,WAGNER,DOLORES.WAGNER@sakilacustomer.org,26,114.74
BERNICE,WILLIS,BERNICE.WILLIS@sakilacustomer.org,33,145.67
AUDREY,RAY,AUDREY.RAY@sakilacustomer.org,29,119.71
YVONNE,WATKINS,YVONNE.WATKINS@sakilacustomer.org,21,92.79
ANNETTE,OLSON,ANNETTE.OLSON@sakilacustomer.org,24,98.76
JUNE,CARROLL,JUNE.CARROLL@sakilacustomer.org,37,173.63
SAMANTHA,DUNCAN,SAMANTHA.DUNCAN@sakilacustomer.org,23,71.77
MARION,SNYDER,MARION.SNYDER@sakilacustomer.org,39,194.61
DANA,HART,DANA.HART@sakilacustomer.org,29,133.71
STACY,CUNNINGHAM,STACY.CUNNINGHAM@sakilacustomer.org,23,98.77
ANA,BRADLEY,ANA.BRADLEY@sakilacustomer.org,34,174.66
RENEE,LANE,RENEE.LANE@sakilacustomer.org,26,97.74
IDA,ANDREWS,IDA.ANDREWS@sakilacustomer.org,23,76.77
VIVIAN,RUIZ,VIVIAN.RUIZ@sakilacustomer.org,23,90.77
ROBERTA,HARPER,ROBERTA.HARPER@sakilacustomer.org,23,84.77
HOLLY,FOX,HOLLY.FOX@sakilacustomer.org,31,114.69
BRITTANY,RILEY,BRITTANY.RILEY@sakilacustomer.org,28,159.72
MELANIE,ARMSTRONG,MELANIE.ARMSTRONG@sakilacustomer.org,25,92.75
LORETTA,CARPENTER,LORETTA.CARPENTER@sakilacustomer.org,22,93.78
YOLANDA,WEAVER,YOLANDA.WEAVER@sakilacustomer.org,27,110.73
JEANETTE,GREENE,JEANETTE.GREENE@sakilacustomer.org,20,74.80
LAURIE,LAWRENCE,LAURIE.LAWRENCE@sakilacustomer.org,23,99.77
KATIE,ELLIOTT,KATIE.ELLIOTT@sakilacustomer.org,25,109.75
KRISTEN,CHAVEZ,KRISTEN.CHAVEZ@sakilacustomer.org,18,87.82
VANESSA,SIMS,VANESSA.SIMS@sakilacustomer.org,19,86.81
ALMA,AUSTIN,ALMA.AUSTIN@sakilacustomer.org,35,151.65
SUE,PETERS,SUE.PETERS@sakilacustomer.org,40,154.60
ELSIE,KELLEY,ELSIE.KELLEY@sakilacustomer.org,37,141.63
BETH,FRANKLIN,BETH.FRANKLIN@sakilacustomer.org,25,103.75
JEANNE,LAWSON,JEANNE.LAWSON@sakilacustomer.org,27,136.73
VICKI,FIELDS,VICKI.FIELDS@sakilacustomer.org,25,108.75
CARLA,GUTIERREZ,CARLA.GUTIERREZ@sakilacustomer.org,26,103.74
TARA,RYAN,TARA.RYAN@sakilacustomer.org,20,88.80
ROSEMARY,SCHMIDT,ROSEMARY.SCHMIDT@sakilacustomer.org,35,147.65
EILEEN,CARR,EILEEN.CARR@sakilacustomer.org,18,80.82
TERRI,VASQUEZ,TERRI.VASQUEZ@sakilacustomer.org,27,126.73
GERTRUDE,CASTILLO,GERTRUDE.CASTILLO@sakilacustomer.org,34,137.66
LUCY,WHEELER,LUCY.WHEELER@sakilacustomer.org,26,91.74
TONYA,CHAPMAN,TONYA.CHAPMAN@sakilacustomer.org,32,161.68
ELLA,OLIVER,ELLA.OLIVER@sakilacustomer.org,31,137.69
STACEY,MONTGOMERY,STACEY.MONTGOMERY@sakilacustomer.org,34,151.66
WILMA,RICHARDS,WILMA.RICHARDS@sakilacustomer.org,20,91.80
GINA,WILLIAMSON,GINA.WILLIAMSON@sakilacustomer.org,28,111.72
KRISTIN,JOHNSTON,KRISTIN.JOHNSTON@sakilacustomer.org,31,116.69
JESSIE,BANKS,JESSIE.BANKS@sakilacustomer.org,26,91.74
NATALIE,MEYER,NATALIE.MEYER@sakilacustomer.org,23,95.77
AGNES,BISHOP,AGNES.BISHOP@sakilacustomer.org,23,98.77
VERA,MCCOY,VERA.MCCOY@sakilacustomer.org,18,67.82
WILLIE,HOWELL,WILLIE.HOWELL@sakilacustomer.org,26,101.74
CHARLENE,ALVAREZ,CHARLENE.ALVAREZ@sakilacustomer.org,27,114.73
BESSIE,MORRISON,BESSIE.MORRISON@sakilacustomer.org,28,132.72
DELORES,HANSEN,DELORES.HANSEN@sakilacustomer.org,21,91.79
MELINDA,FERNANDEZ,MELINDA.FERNANDEZ@sakilacustomer.org,17,80.83
PEARL,GARZA,PEARL.GARZA@sakilacustomer.org,22,76.78
ARLENE,HARVEY,ARLENE.HARVEY@sakilacustomer.org,26,120.74
MAUREEN,LITTLE,MAUREEN.LITTLE@sakilacustomer.org,21,87.79
COLLEEN,BURTON,COLLEEN.BURTON@sakilacustomer.org,24,87.76
ALLISON,STANLEY,ALLISON.STANLEY@sakilacustomer.org,27,92.73
TAMARA,NGUYEN,TAMARA.NGUYEN@sakilacustomer.org,25,93.75
JOY,GEORGE,JOY.GEORGE@sakilacustomer.org,33,124.67
GEORGIA,JACOBS,GEORGIA.JACOBS@sakilacustomer.org,26,110.74
CONSTANCE,REID,CONSTANCE.REID@sakilacustomer.org,25,95.75
LILLIE,KIM,LILLIE.KIM@sakilacustomer.org,23,89.77
CLAUDIA,FULLER,CLAUDIA.FULLER@sakilacustomer.org,26,111.74
JACKIE,LYNCH,JACKIE.LYNCH@sakilacustomer.org,25,93.75
MARCIA,DEAN,MARCIA.DEAN@sakilacustomer.org,42,175.58
TANYA,GILBERT,TANYA.GILBERT@sakilacustomer.org,33,144.67
NELLIE,GARRETT,NELLIE.GARRETT@sakilacustomer.org,21,94.79
MINNIE,ROMERO,MINNIE.ROMERO@sakilacustomer.org,34,142.66
MARLENE,WELCH,MARLENE.WELCH@sakilacustomer.org,26,117.74
HEIDI,LARSON,HEIDI.LARSON@sakilacustomer.org,34,122.66
GLENDA,FRAZIER,GLENDA.FRAZIER@sakilacustomer.org,32,140.68
LYDIA,BURKE,LYDIA.BURKE@sakilacustomer.org,24,82.76
VIOLA,HANSON,VIOLA.HANSON@sakilacustomer.org,32,129.68
COURTNEY,DAY,COURTNEY.DAY@sakilacustomer.org,32,132.68
MARIAN,MENDOZA,MARIAN.MENDOZA@sakilacustomer.org,23,107.77
STELLA,MORENO,STELLA.MORENO@sakilacustomer.org,22,104.78
CAROLINE,BOWMAN,CAROLINE.BOWMAN@sakilacustomer.org,15,50.85
DORA,MEDINA,DORA.MEDINA@sakilacustomer.org,23,107.77
JO,FOWLER,JO.FOWLER@sakilacustomer.org,20,73.80
VICKIE,BREWER,VICKIE.BREWER@sakilacustomer.org,31,120.69
MATTIE,HOFFMAN,MATTIE.HOFFMAN@sakilacustomer.org,22,64.78
TERRY,CARLSON,TERRY.CARLSON@sakilacustomer.org,29,127.71
MAXINE,SILVA,MAXINE.SILVA@sakilacustomer.org,32,116.68
IRMA,PEARSON,IRMA.PEARSON@sakilacustomer.org,18,70.82
MABEL,HOLLAND,MABEL.HOLLAND@sakilacustomer.org,30,112.70
MARSHA,DOUGLAS,MARSHA.DOUGLAS@sakilacustomer.org,37,151.63
MYRTLE,FLEMING,MYRTLE.FLEMING@sakilacustomer.org,24,110.76
LENA,JENSEN,LENA.JENSEN@sakilacustomer.org,32,168.68
CHRISTY,VARGAS,CHRISTY.VARGAS@sakilacustomer.org,31,122.69
DEANNA,BYRD,DEANNA.BYRD@sakilacustomer.org,26,107.74
PATSY,DAVIDSON,PATSY.DAVIDSON@sakilacustomer.org,28,119.72
HILDA,HOPKINS,HILDA.HOPKINS@sakilacustomer.org,29,122.71
GWENDOLYN,MAY,GWENDOLYN.MAY@sakilacustomer.org,25,98.75
JENNIE,TERRY,JENNIE.TERRY@sakilacustomer.org,29,133.71
NORA,HERRERA,NORA.HERRERA@sakilacustomer.org,28,118.72
MARGIE,WADE,MARGIE.WADE@sakilacustomer.org,36,159.64
NINA,SOTO,NINA.SOTO@sakilacustomer.org,29,123.71
CASSANDRA,WALTERS,CASSANDRA.WALTERS@sakilacustomer.org,30,129.70
LEAH,CURTIS,LEAH.CURTIS@sakilacustomer.org,25,104.75
PENNY,NEAL,PENNY.NEAL@sakilacustomer.org,18,68.82
KAY,CALDWELL,KAY.CALDWELL@sakilacustomer.org,20,98.80
PRISCILLA,LOWE,PRISCILLA.LOWE@sakilacustomer.org,35,157.65
NAOMI,JENNINGS,NAOMI.JENNINGS@sakilacustomer.org,35,152.65
CAROLE,BARNETT,CAROLE.BARNETT@sakilacustomer.org,30,108.70
BRANDY,GRAVES,BRANDY.GRAVES@sakilacustomer.org,28,122.72
OLGA,JIMENEZ,OLGA.JIMENEZ@sakilacustomer.org,32,144.68
BILLIE,HORTON,BILLIE.HORTON@sakilacustomer.org,26,88.74
DIANNE,SHELTON,DIANNE.SHELTON@sakilacustomer.org,31,135.69
TRACEY,BARRETT,TRACEY.BARRETT@sakilacustomer.org,27,118.73
LEONA,OBRIEN,LEONA.OBRIEN@sakilacustomer.org,14,50.86
JENNY,CASTRO,JENNY.CASTRO@sakilacustomer.org,27,103.73
FELICIA,SUTTON,FELICIA.SUTTON@sakilacustomer.org,28,86.72
SONIA,GREGORY,SONIA.GREGORY@sakilacustomer.org,28,126.72
MIRIAM,MCKINNEY,MIRIAM.MCKINNEY@sakilacustomer.org,26,135.74
VELMA,LUCAS,VELMA.LUCAS@sakilacustomer.org,27,117.73
BECKY,MILES,BECKY.MILES@sakilacustomer.org,29,115.71
BOBBIE,CRAIG,BOBBIE.CRAIG@sakilacustomer.org,24,80.76
VIOLET,RODRIQUEZ,VIOLET.RODRIQUEZ@sakilacustomer.org,30,142.70
KRISTINA,CHAMBERS,KRISTINA.CHAMBERS@sakilacustomer.org,28,109.72
TONI,HOLT,TONI.HOLT@sakilacustomer.org,23,95.77
MISTY,LAMBERT,MISTY.LAMBERT@sakilacustomer.org,27,118.73
MAE,FLETCHER,MAE.FLETCHER@sakilacustomer.org,31,158.69
SHELLY,WATTS,SHELLY.WATTS@sakilacustomer.org,26,113.74
DAISY,BATES,DAISY.BATES@sakilacustomer.org,38,162.62
RAMONA,HALE,RAMONA.HALE@sakilacustomer.org,30,129.70
SHERRI,RHODES,SHERRI.RHODES@sakilacustomer.org,33,128.67
ERIKA,PENA,ERIKA.PENA@sakilacustomer.org,26,101.74
JAMES,GANNON,JAMES.GANNON@sakilacustomer.org,30,131.70
JOHN,FARNSWORTH,JOHN.FARNSWORTH@sakilacustomer.org,31,137.69
ROBERT,BAUGHMAN,ROBERT.BAUGHMAN@sakilacustomer.org,21,92.79
MICHAEL,SILVERMAN,MICHAEL.SILVERMAN@sakilacustomer.org,29,127.71
WILLIAM,SATTERFIELD,WILLIAM.SATTERFIELD@sakilacustomer.org,26,100.74
DAVID,ROYAL,DAVID.ROYAL@sakilacustomer.org,26,115.74
RICHARD,MCCRARY,RICHARD.MCCRARY@sakilacustomer.org,25,109.75
CHARLES,KOWALSKI,CHARLES.KOWALSKI@sakilacustomer.org,32,138.68
JOSEPH,JOY,JOSEPH.JOY@sakilacustomer.org,30,134.70
THOMAS,GRIGSBY,THOMAS.GRIGSBY@sakilacustomer.org,25,105.75
CHRISTOPHER,GRECO,CHRISTOPHER.GRECO@sakilacustomer.org,31,147.69
DANIEL,CABRAL,DANIEL.CABRAL@sakilacustomer.org,20,97.80
PAUL,TROUT,PAUL.TROUT@sakilacustomer.org,23,120.77
MARK,RINEHART,MARK.RINEHART@sakilacustomer.org,26,104.74
DONALD,MAHON,DONALD.MAHON@sakilacustomer.org,23,89.77
GEORGE,LINTON,GEORGE.LINTON@sakilacustomer.org,33,131.67
KENNETH,GOODEN,KENNETH.GOODEN@sakilacustomer.org,17,84.83
STEVEN,CURLEY,STEVEN.CURLEY@sakilacustomer.org,29,132.71
EDWARD,BAUGH,EDWARD.BAUGH@sakilacustomer.org,28,114.72
BRIAN,WYMAN,BRIAN.WYMAN@sakilacustomer.org,12,52.88
RONALD,WEINER,RONALD.WEINER@sakilacustomer.org,30,132.70
ANTHONY,SCHWAB,ANTHONY.SCHWAB@sakilacustomer.org,20,71.80
KEVIN,SCHULER,KEVIN.SCHULER@sakilacustomer.org,22,116.78
JASON,MORRISSEY,JASON.MORRISSEY@sakilacustomer.org,28,128.72
MATTHEW,MAHAN,MATTHEW.MAHAN@sakilacustomer.org,31,114.69
GARY,COY,GARY.COY@sakilacustomer.org,25,103.75
TIMOTHY,BUNN,TIMOTHY.BUNN@sakilacustomer.org,22,91.78
JOSE,ANDREW,JOSE.ANDREW@sakilacustomer.org,25,96.75
LARRY,THRASHER,LARRY.THRASHER@sakilacustomer.org,26,112.74
JEFFREY,SPEAR,JEFFREY.SPEAR@sakilacustomer.org,23,90.77
FRANK,WAGGONER,FRANK.WAGGONER@sakilacustomer.org,32,127.68
SCOTT,SHELLEY,SCOTT.SHELLEY@sakilacustomer.org,25,94.75
ERIC,ROBERT,ERIC.ROBERT@sakilacustomer.org,27,122.73
STEPHEN,QUALLS,STEPHEN.QUALLS@sakilacustomer.org,28,118.72
ANDREW,PURDY,ANDREW.PURDY@sakilacustomer.org,27,109.73
RAYMOND,MCWHORTER,RAYMOND.MCWHORTER@sakilacustomer.org,30,135.70
GREGORY,MAULDIN,GREGORY.MAULDIN@sakilacustomer.org,23,78.77
JOSHUA,MARK,JOSHUA.MARK@sakilacustomer.org,30,119.70
JERRY,JORDON,JERRY.JORDON@sakilacustomer.org,29,143.71
DENNIS,GILMAN,DENNIS.GILMAN@sakilacustomer.org,28,114.72
WALTER,PERRYMAN,WALTER.PERRYMAN@sakilacustomer.org,30,127.70
PATRICK,NEWSOM,PATRICK.NEWSOM@sakilacustomer.org,31,119.69
PETER,MENARD,PETER.MENARD@sakilacustomer.org,23,106.77
HAROLD,MARTINO,HAROLD.MARTINO@sakilacustomer.org,32,130.68
DOUGLAS,GRAF,DOUGLAS.GRAF@sakilacustomer.org,25,114.75
HENRY,BILLINGSLEY,HENRY.BILLINGSLEY@sakilacustomer.org,18,73.82
CARL,ARTIS,CARL.ARTIS@sakilacustomer.org,23,106.77
ARTHUR,SIMPKINS,ARTHUR.SIMPKINS@sakilacustomer.org,32,155.68
RYAN,SALISBURY,RYAN.SALISBURY@sakilacustomer.org,30,142.70
ROGER,QUINTANILLA,ROGER.QUINTANILLA@sakilacustomer.org,36,146.64
JOE,GILLILAND,JOE.GILLILAND@sakilacustomer.org,29,138.71
JUAN,FRALEY,JUAN.FRALEY@sakilacustomer.org,23,73.77
JACK,FOUST,JACK.FOUST@sakilacustomer.org,24,89.76
ALBERT,CROUSE,ALBERT.CROUSE@sakilacustomer.org,23,99.77
JONATHAN,SCARBOROUGH,JONATHAN.SCARBOROUGH@sakilacustomer.org,18,72.82
JUSTIN,NGO,JUSTIN.NGO@sakilacustomer.org,36,129.64
TERRY,GRISSOM,TERRY.GRISSOM@sakilacustomer.org,20,72.80
GERALD,FULTZ,GERALD.FULTZ@sakilacustomer.org,30,121.70
KEITH,RICO,KEITH.RICO@sakilacustomer.org,26,89.74
SAMUEL,MARLOW,SAMUEL.MARLOW@sakilacustomer.org,21,80.79
WILLIE,MARKHAM,WILLIE.MARKHAM@sakilacustomer.org,25,101.75
RALPH,MADRIGAL,RALPH.MADRIGAL@sakilacustomer.org,34,150.66
LAWRENCE,LAWTON,LAWRENCE.LAWTON@sakilacustomer.org,31,100.69
NICHOLAS,BARFIELD,NICHOLAS.BARFIELD@sakilacustomer.org,32,145.68
ROY,WHITING,ROY.WHITING@sakilacustomer.org,29,143.71
BENJAMIN,VARNEY,BENJAMIN.VARNEY@sakilacustomer.org,23,95.77
BRUCE,SCHWARZ,BRUCE.SCHWARZ@sakilacustomer.org,23,103.77
BRANDON,HUEY,BRANDON.HUEY@sakilacustomer.org,37,152.63
ADAM,GOOCH,ADAM.GOOCH@sakilacustomer.org,22,101.78
HARRY,ARCE,HARRY.ARCE@sakilacustomer.org,35,157.65
FRED,WHEAT,FRED.WHEAT@sakilacustomer.org,25,88.75
WAYNE,TRUONG,WAYNE.TRUONG@sakilacustomer.org,19,70.81
BILLY,POULIN,BILLY.POULIN@sakilacustomer.org,35,149.65
STEVE,MACKENZIE,STEVE.MACKENZIE@sakilacustomer.org,34,158.66
LOUIS,LEONE,LOUIS.LEONE@sakilacustomer.org,35,161.65
JEREMY,HURTADO,JEREMY.HURTADO@sakilacustomer.org,28,103.72
AARON,SELBY,AARON.SELBY@sakilacustomer.org,24,110.76
RANDY,GAITHER,RANDY.GAITHER@sakilacustomer.org,28,110.72
HOWARD,FORTNER,HOWARD.FORTNER@sakilacustomer.org,26,93.74
EUGENE,CULPEPPER,EUGENE.CULPEPPER@sakilacustomer.org,19,71.81
CARLOS,COUGHLIN,CARLOS.COUGHLIN@sakilacustomer.org,23,106.77
RUSSELL,BRINSON,RUSSELL.BRINSON@sakilacustomer.org,36,136.64
BOBBY,BOUDREAU,BOBBY.BOUDREAU@sakilacustomer.org,35,106.65
VICTOR,BARKLEY,VICTOR.BARKLEY@sakilacustomer.org,24,91.76
MARTIN,BALES,MARTIN.BALES@sakilacustomer.org,27,103.73
ERNEST,STEPP,ERNEST.STEPP@sakilacustomer.org,25,89.75
PHILLIP,HOLM,PHILLIP.HOLM@sakilacustomer.org,26,101.74
TODD,TAN,TODD.TAN@sakilacustomer.org,29,117.71
JESSE,SCHILLING,JESSE.SCHILLING@sakilacustomer.org,26,101.74
CRAIG,MORRELL,CRAIG.MORRELL@sakilacustomer.org,30,124.70
ALAN,KAHN,ALAN.KAHN@sakilacustomer.org,26,124.74
SHAWN,HEATON,SHAWN.HEATON@sakilacustomer.org,33,152.67
CLARENCE,GAMEZ,CLARENCE.GAMEZ@sakilacustomer.org,30,104.70
SEAN,DOUGLASS,SEAN.DOUGLASS@sakilacustomer.org,23,91.77
PHILIP,CAUSEY,PHILIP.CAUSEY@sakilacustomer.org,31,121.69
CHRIS,BROTHERS,CHRIS.BROTHERS@sakilacustomer.org,22,84.78
JOHNNY,TURPIN,JOHNNY.TURPIN@sakilacustomer.org,19,57.81
EARL,SHANKS,EARL.SHANKS@sakilacustomer.org,27,111.73
JIMMY,SCHRADER,JIMMY.SCHRADER@sakilacustomer.org,29,105.71
ANTONIO,MEEK,ANTONIO.MEEK@sakilacustomer.org,16,78.84
DANNY,ISOM,DANNY.ISOM@sakilacustomer.org,21,91.79
BRYAN,HARDISON,BRYAN.HARDISON@sakilacustomer.org,28,124.72
TONY,CARRANZA,TONY.CARRANZA@sakilacustomer.org,21,73.79
LUIS,YANEZ,LUIS.YANEZ@sakilacustomer.org,20,79.80
MIKE,WAY,MIKE.WAY@sakilacustomer.org,35,166.65
STANLEY,SCROGGINS,STANLEY.SCROGGINS@sakilacustomer.org,30,139.70
LEONARD,SCHOFIELD,LEONARD.SCHOFIELD@sakilacustomer.org,32,109.68
NATHAN,RUNYON,NATHAN.RUNYON@sakilacustomer.org,32,122.68
DALE,RATCLIFF,DALE.RATCLIFF@sakilacustomer.org,27,112.73
MANUEL,MURRELL,MANUEL.MURRELL@sakilacustomer.org,30,116.70
RODNEY,MOELLER,RODNEY.MOELLER@sakilacustomer.org,23,104.77
CURTIS,IRBY,CURTIS.IRBY@sakilacustomer.org,38,167.62
NORMAN,CURRIER,NORMAN.CURRIER@sakilacustomer.org,26,80.74
ALLEN,BUTTERFIELD,ALLEN.BUTTERFIELD@sakilacustomer.org,21,85.79
MARVIN,YEE,MARVIN.YEE@sakilacustomer.org,21,75.79
VINCENT,RALSTON,VINCENT.RALSTON@sakilacustomer.org,25,105.75
GLENN,PULLEN,GLENN.PULLEN@sakilacustomer.org,23,93.77
JEFFERY,PINSON,JEFFERY.PINSON@sakilacustomer.org,31,121.69
TRAVIS,ESTEP,TRAVIS.ESTEP@sakilacustomer.org,25,110.75
JEFF,EAST,JEFF.EAST@sakilacustomer.org,30,107.70
CHAD,CARBONE,CHAD.CARBONE@sakilacustomer.org,25,89.75
JACOB,LANCE,JACOB.LANCE@sakilacustomer.org,21,79.79
LEE,HAWKS,LEE.HAWKS@sakilacustomer.org,27,119.73
MELVIN,ELLINGTON,MELVIN.ELLINGTON@sakilacustomer.org,26,97.74
ALFRED,CASILLAS,ALFRED.CASILLAS@sakilacustomer.org,26,120.74
KYLE,SPURLOCK,KYLE.SPURLOCK@sakilacustomer.org,30,110.70
FRANCIS,SIKES,FRANCIS.SIKES@sakilacustomer.org,26,104.74
BRADLEY,MOTLEY,BRADLEY.MOTLEY@sakilacustomer.org,27,126.73
JESUS,MCCARTNEY,JESUS.MCCARTNEY@sakilacustomer.org,24,114.76
HERBERT,KRUGER,HERBERT.KRUGER@sakilacustomer.org,20,78.80
FREDERICK,ISBELL,FREDERICK.ISBELL@sakilacustomer.org,21,105.79
RAY,HOULE,RAY.HOULE@sakilacustomer.org,22,79.78
JOEL,FRANCISCO,JOEL.FRANCISCO@sakilacustomer.org,23,95.77
EDWIN,BURK,EDWIN.BURK@sakilacustomer.org,23,116.77
DON,BONE,DON.BONE@sakilacustomer.org,25,133.75
EDDIE,TOMLIN,EDDIE.TOMLIN@sakilacustomer.org,27,128.73
RICKY,SHELBY,RICKY.SHELBY@sakilacustomer.org,25,91.75
TROY,QUIGLEY,TROY.QUIGLEY@sakilacustomer.org,30,144.70
RANDALL,NEUMANN,RANDALL.NEUMANN@sakilacustomer.org,23,99.77
BARRY,LOVELACE,BARRY.LOVELACE@sakilacustomer.org,33,134.67
ALEXANDER,FENNELL,ALEXANDER.FENNELL@sakilacustomer.org,36,151.64
BERNARD,COLBY,BERNARD.COLBY@sakilacustomer.org,22,88.78
MARIO,CHEATHAM,MARIO.CHEATHAM@sakilacustomer.org,28,112.72
LEROY,BUSTAMANTE,LEROY.BUSTAMANTE@sakilacustomer.org,32,118.68
FRANCISCO,SKIDMORE,FRANCISCO.SKIDMORE@sakilacustomer.org,22,98.78
MARCUS,HIDALGO,MARCUS.HIDALGO@sakilacustomer.org,30,115.70
MICHEAL,FORMAN,MICHEAL.FORMAN@sakilacustomer.org,26,102.74
THEODORE,CULP,THEODORE.CULP@sakilacustomer.org,31,116.69
CLIFFORD,BOWENS,CLIFFORD.BOWENS@sakilacustomer.org,29,113.71
MIGUEL,BETANCOURT,MIGUEL.BETANCOURT@sakilacustomer.org,29,135.71
OSCAR,AQUINO,OSCAR.AQUINO@sakilacustomer.org,20,99.80
JAY,ROBB,JAY.ROBB@sakilacustomer.org,26,89.74
JIM,REA,JIM.REA@sakilacustomer.org,33,128.67
TOM,MILNER,TOM.MILNER@sakilacustomer.org,32,107.68
CALVIN,MARTEL,CALVIN.MARTEL@sakilacustomer.org,23,111.77
ALEX,GRESHAM,ALEX.GRESHAM@sakilacustomer.org,33,151.67
JON,WILES,JON.WILES@sakilacustomer.org,24,87.76
RONNIE,RICKETTS,RONNIE.RICKETTS@sakilacustomer.org,25,100.75
BILL,GAVIN,BILL.GAVIN@sakilacustomer.org,28,114.72
LLOYD,DOWD,LLOYD.DOWD@sakilacustomer.org,19,66.81
TOMMY,COLLAZO,TOMMY.COLLAZO@sakilacustomer.org,38,186.62
LEON,BOSTIC,LEON.BOSTIC@sakilacustomer.org,25,109.75
DEREK,BLAKELY,DEREK.BLAKELY@sakilacustomer.org,28,97.72
WARREN,SHERROD,WARREN.SHERROD@sakilacustomer.org,33,159.67
DARRELL,POWER,DARRELL.POWER@sakilacustomer.org,25,91.75
JEROME,KENYON,JEROME.KENYON@sakilacustomer.org,16,73.84
FLOYD,GANDY,FLOYD.GANDY@sakilacustomer.org,17,69.83
LEO,EBERT,LEO.EBERT@sakilacustomer.org,23,104.77
ALVIN,DELOACH,ALVIN.DELOACH@sakilacustomer.org,29,139.71
TIM,CARY,TIM.CARY@sakilacustomer.org,39,175.61
WESLEY,BULL,WESLEY.BULL@sakilacustomer.org,40,177.60
GORDON,ALLARD,GORDON.ALLARD@sakilacustomer.org,32,160.68
DEAN,SAUER,DEAN.SAUER@sakilacustomer.org,27,109.73
GREG,ROBINS,GREG.ROBINS@sakilacustomer.org,30,141.70
JORGE,OLIVARES,JORGE.OLIVARES@sakilacustomer.org,34,134.66
DUSTIN,GILLETTE,DUSTIN.GILLETTE@sakilacustomer.org,26,100.74
PEDRO,CHESTNUT,PEDRO.CHESTNUT@sakilacustomer.org,24,103.76
DERRICK,BOURQUE,DERRICK.BOURQUE@sakilacustomer.org,22,95.78
DAN,PAINE,DAN.PAINE@sakilacustomer.org,22,109.78
LEWIS,LYMAN,LEWIS.LYMAN@sakilacustomer.org,19,86.81
ZACHARY,HITE,ZACHARY.HITE@sakilacustomer.org,31,146.69
COREY,HAUSER,COREY.HAUSER@sakilacustomer.org,22,101.78
HERMAN,DEVORE,HERMAN.DEVORE@sakilacustomer.org,29,115.71
MAURICE,CRAWLEY,MAURICE.CRAWLEY@sakilacustomer.org,29,138.71
VERNON,CHAPA,VERNON.CHAPA@sakilacustomer.org,18,88.82
ROBERTO,VU,ROBERTO.VU@sakilacustomer.org,30,139.70
CLYDE,TOBIAS,CLYDE.TOBIAS@sakilacustomer.org,29,115.71
GLEN,TALBERT,GLEN.TALBERT@sakilacustomer.org,26,113.74
HECTOR,POINDEXTER,HECTOR.POINDEXTER@sakilacustomer.org,26,119.74
SHANE,MILLARD,SHANE.MILLARD@sakilacustomer.org,22,95.78
RICARDO,MEADOR,RICARDO.MEADOR@sakilacustomer.org,21,99.79
SAM,MCDUFFIE,SAM.MCDUFFIE@sakilacustomer.org,24,117.76
RICK,MATTOX,RICK.MATTOX@sakilacustomer.org,27,124.73
LESTER,KRAUS,LESTER.KRAUS@sakilacustomer.org,16,65.84
BRENT,HARKINS,BRENT.HARKINS@sakilacustomer.org,23,112.77
RAMON,CHOATE,RAMON.CHOATE@sakilacustomer.org,31,140.69
CHARLIE,BESS,CHARLIE.BESS@sakilacustomer.org,26,120.74
TYLER,WREN,TYLER.WREN@sakilacustomer.org,21,88.79
GILBERT,SLEDGE,GILBERT.SLEDGE@sakilacustomer.org,28,129.72
GENE,SANBORN,GENE.SANBORN@sakilacustomer.org,27,97.73
MARC,OUTLAW,MARC.OUTLAW@sakilacustomer.org,30,123.70
REGINALD,KINDER,REGINALD.KINDER@sakilacustomer.org,28,115.72
RUBEN,GEARY,RUBEN.GEARY@sakilacustomer.org,21,89.79
BRETT,CORNWELL,BRETT.CORNWELL@sakilacustomer.org,34,138.66
ANGEL,BARCLAY,ANGEL.BARCLAY@sakilacustomer.org,32,115.68
NATHANIEL,ADAM,NATHANIEL.ADAM@sakilacustomer.org,28,133.72
RAFAEL,ABNEY,RAFAEL.ABNEY@sakilacustomer.org,21,97.79
LESLIE,SEWARD,LESLIE.SEWARD@sakilacustomer.org,35,152.65
EDGAR,RHOADS,EDGAR.RHOADS@sakilacustomer.org,25,95.75
MILTON,HOWLAND,MILTON.HOWLAND@sakilacustomer.org,25,127.75
RAUL,FORTIER,RAUL.FORTIER@sakilacustomer.org,20,100.80
BEN,EASTER,BEN.EASTER@sakilacustomer.org,26,122.74
CHESTER,BENNER,CHESTER.BENNER@sakilacustomer.org,24,99.76
CECIL,VINES,CECIL.VINES@sakilacustomer.org,26,115.74
DUANE,TUBBS,DUANE.TUBBS@sakilacustomer.org,31,148.69
FRANKLIN,TROUTMAN,FRANKLIN.TROUTMAN@sakilacustomer.org,22,74.78
ANDRE,RAPP,ANDRE.RAPP@sakilacustomer.org,28,126.72
ELMER,NOE,ELMER.NOE@sakilacustomer.org,26,98.74
BRAD,MCCURDY,BRAD.MCCURDY@sakilacustomer.org,25,105.75
GABRIEL,HARDER,GABRIEL.HARDER@sakilacustomer.org,26,111.74
RON,DELUCA,RON.DELUCA@sakilacustomer.org,23,103.77
MITCHELL,WESTMORELAND,MITCHELL.WESTMORELAND@sakilacustomer.org,32,134.68
ROLAND,SOUTH,ROLAND.SOUTH@sakilacustomer.org,23,80.77
ARNOLD,HAVENS,ARNOLD.HAVENS@sakilacustomer.org,33,167.67
HARVEY,GUAJARDO,HARVEY.GUAJARDO@sakilacustomer.org,22,93.78
JARED,ELY,JARED.ELY@sakilacustomer.org,19,87.81
ADRIAN,CLARY,ADRIAN.CLARY@sakilacustomer.org,19,74.81
KARL,SEAL,KARL.SEAL@sakilacustomer.org,45,221.55
CORY,MEEHAN,CORY.MEEHAN@sakilacustomer.org,24,81.76
CLAUDE,HERZOG,CLAUDE.HERZOG@sakilacustomer.org,25,111.75
ERIK,GUILLEN,ERIK.GUILLEN@sakilacustomer.org,29,118.71
DARRYL,ASHCRAFT,DARRYL.ASHCRAFT@sakilacustomer.org,23,76.77
JAMIE,WAUGH,JAMIE.WAUGH@sakilacustomer.org,25,118.75
NEIL,RENNER,NEIL.RENNER@sakilacustomer.org,32,152.68
JESSIE,MILAM,JESSIE.MILAM@sakilacustomer.org,33,141.67
CHRISTIAN,JUNG,CHRISTIAN.JUNG@sakilacustomer.org,24,88.76
JAVIER,ELROD,JAVIER.ELROD@sakilacustomer.org,32,135.68
FERNANDO,CHURCHILL,FERNANDO.CHURCHILL@sakilacustomer.org,25,117.75
CLINTON,BUFORD,CLINTON.BUFORD@sakilacustomer.org,25,103.75
TED,BREAUX,TED.BREAUX@sakilacustomer.org,29,117.71
MATHEW,BOLIN,MATHEW.BOLIN@sakilacustomer.org,22,90.78
TYRONE,ASHER,TYRONE.ASHER@sakilacustomer.org,24,112.76
DARREN,WINDHAM,DARREN.WINDHAM@sakilacustomer.org,24,108.76
LONNIE,TIRADO,LONNIE.TIRADO@sakilacustomer.org,18,94.82
LANCE,PEMBERTON,LANCE.PEMBERTON@sakilacustomer.org,22,82.78
CODY,NOLEN,CODY.NOLEN@sakilacustomer.org,22,98.78
JULIO,NOLAND,JULIO.NOLAND@sakilacustomer.org,21,89.79
KELLY,KNOTT,KELLY.KNOTT@sakilacustomer.org,25,103.75
KURT,EMMONS,KURT.EMMONS@sakilacustomer.org,23,99.77
ALLAN,CORNISH,ALLAN.CORNISH@sakilacustomer.org,19,79.81
NELSON,CHRISTENSON,NELSON.CHRISTENSON@sakilacustomer.org,20,77.80
GUY,BROWNLEE,GUY.BROWNLEE@sakilacustomer.org,32,159.68
CLAYTON,BARBEE,CLAYTON.BARBEE@sakilacustomer.org,26,96.74
HUGH,WALDROP,HUGH.WALDROP@sakilacustomer.org,21,90.79
MAX,PITT,MAX.PITT@sakilacustomer.org,24,107.76
DWAYNE,OLVERA,DWAYNE.OLVERA@sakilacustomer.org,22,101.78
DWIGHT,LOMBARDI,DWIGHT.LOMBARDI@sakilacustomer.org,17,74.83
ARMANDO,GRUBER,ARMANDO.GRUBER@sakilacustomer.org,21,83.79
FELIX,GAFFNEY,FELIX.GAFFNEY@sakilacustomer.org,24,73.76
JIMMIE,EGGLESTON,JIMMIE.EGGLESTON@sakilacustomer.org,28,135.72
EVERETT,BANDA,EVERETT.BANDA@sakilacustomer.org,28,110.72
JORDAN,ARCHULETA,JORDAN.ARCHULETA@sakilacustomer.org,30,132.70
IAN,STILL,IAN.STILL@sakilacustomer.org,27,96.73
WALLACE,SLONE,WALLACE.SLONE@sakilacustomer.org,25,109.75
KEN,PREWITT,KEN.PREWITT@sakilacustomer.org,29,110.71
BOB,PFEIFFER,BOB.PFEIFFER@sakilacustomer.org,24,91.76
JAIME,NETTLES,JAIME.NETTLES@sakilacustomer.org,29,126.71
CASEY,MENA,CASEY.MENA@sakilacustomer.org,34,141.66
ALFREDO,MCADAMS,ALFREDO.MCADAMS@sakilacustomer.org,20,85.80
ALBERTO,HENNING,ALBERTO.HENNING@sakilacustomer.org,21,66.79
DAVE,GARDINER,DAVE.GARDINER@sakilacustomer.org,32,134.68
IVAN,CROMWELL,IVAN.CROMWELL@sakilacustomer.org,26,99.74
JOHNNIE,CHISHOLM,JOHNNIE.CHISHOLM@sakilacustomer.org,24,121.76
SIDNEY,BURLESON,SIDNEY.BURLESON@sakilacustomer.org,25,108.75
BYRON,BOX,BYRON.BOX@sakilacustomer.org,29,120.71
JULIAN,VEST,JULIAN.VEST@sakilacustomer.org,28,109.72
ISAAC,OGLESBY,ISAAC.OGLESBY@sakilacustomer.org,29,126.71
MORRIS,MCCARTER,MORRIS.MCCARTER@sakilacustomer.org,34,139.66
CLIFTON,MALCOLM,CLIFTON.MALCOLM@sakilacustomer.org,27,117.73
WILLARD,LUMPKIN,WILLARD.LUMPKIN@sakilacustomer.org,22,96.78
DARYL,LARUE,DARYL.LARUE@sakilacustomer.org,27,111.73
ROSS,GREY,ROSS.GREY@sakilacustomer.org,27,99.73
VIRGIL,WOFFORD,VIRGIL.WOFFORD@sakilacustomer.org,27,107.73
ANDY,VANHORN,ANDY.VANHORN@sakilacustomer.org,25,113.75
MARSHALL,THORN,MARSHALL.THORN@sakilacustomer.org,23,117.77
SALVADOR,TEEL,SALVADOR.TEEL@sakilacustomer.org,30,129.70
PERRY,SWAFFORD,PERRY.SWAFFORD@sakilacustomer.org,24,117.76
KIRK,STCLAIR,KIRK.STCLAIR@sakilacustomer.org,19,64.81
SERGIO,STANFIELD,SERGIO.STANFIELD@sakilacustomer.org,26,108.74
MARION,OCAMPO,MARION.OCAMPO@sakilacustomer.org,29,115.71
TRACY,HERRMANN,TRACY.HERRMANN@sakilacustomer.org,28,129.72
SETH,HANNON,SETH.HANNON@sakilacustomer.org,25,112.75
KENT,ARSENAULT,KENT.ARSENAULT@sakilacustomer.org,27,134.73
TERRANCE,ROUSH,TERRANCE.ROUSH@sakilacustomer.org,29,111.71
RENE,MCALISTER,RENE.MCALISTER@sakilacustomer.org,26,113.74
EDUARDO,HIATT,EDUARDO.HIATT@sakilacustomer.org,27,130.73
TERRENCE,GUNDERSON,TERRENCE.GUNDERSON@sakilacustomer.org,30,117.70
ENRIQUE,FORSYTHE,ENRIQUE.FORSYTHE@sakilacustomer.org,28,96.72
FREDDIE,DUGGAN,FREDDIE.DUGGAN@sakilacustomer.org,25,99.75
WADE,DELVALLE,WADE.DELVALLE@sakilacustomer.org,22,83.78
AUSTIN,CINTRON,AUSTIN.CINTRON@sakilacustomer.org,19,83.81
