customer_id,first_name,last_name,email,rental_count,total_amount_spent
1,MARY,SMITH,MARY.SMITH@sakilacustomer.org,32,118.68
2,PATRICIA,JOHNSON,PATRICIA.JOHNSON@sakilacustomer.org,27,128.73
3,LINDA,WILLIAMS,LINDA.WILLIAMS@sakilacustomer.org,26,135.74
4,BARBARA,JONES,BARBARA.JONES@sakilacustomer.org,22,81.78
5,ELIZABETH,BROWN,ELIZABETH.BROWN@sakilacustomer.org,38,144.62
6,JENNIFER,DAVIS,JENNIFER.DAVIS@sakilacustomer.org,28,93.72
7,MARIA,MILLER,MARIA.MILLER@sakilacustomer.org,33,151.67
8,SUSAN,WILSON,SUSAN.WILSON@sakilacustomer.org,24,92.76
9,MARGARET,MOORE,MARGARET.MOORE@sakilacustomer.org,23,89.77
10,DOROTHY,TAYLOR,DOROTHY.TAYLOR@sakilacustomer.org,25,99.75
11,LISA,ANDERSON,LISA.ANDERSON@sakilacustomer.org,24,106.76
12,NANCY,THOMAS,NANCY.THOMAS@sakilacustomer.org,28,103.72
13,KAREN,JACKSON,KAREN.JACKSON@sakilacustomer.org,27,131.73
14,BETTY,WHITE,BETTY.WHITE@sakilacustomer.org,28,117.72
15,HELEN,HARRIS,HELEN.HARRIS@sakilacustomer.org,32,134.68
16,SANDRA,MARTIN,SANDRA.MARTIN@sakilacustomer.org,28,118.72
17,DONNA,THOMPSON,DONNA.THOMPSON@sakilacustomer.org,21,98.79
18,CAROL,GARCIA,CAROL.GARCIA@sakilacustomer.org,22,91.78
19,RUTH,MARTINEZ,RUTH.MARTINEZ@sakilacustomer.org,24,125.76
20,SHARON,ROBINSON,SHARON.ROBINSON@sakilacustomer.org,30,115.70
21,MICHELLE,CLARK,MICHELLE.CLARK@sakilacustomer.org,35,155.65
22,LAURA,RODRIGUEZ,LAURA.RODRIGUEZ@sakilacustomer.org,22,113.78
23,SARAH,LEWIS,SARAH.LEWIS@sakilacustomer.org,30,119.70
24,KIMBERLY,LEE,KIMBERLY.LEE@sakilacustomer.org,25,95.75
25,DEBORAH,WALKER,DEBORAH.WALKER@sakilacustomer.org,29,115.71
26,JESSICA,HALL,JESSICA.HALL@sakilacustomer.org,34,152.66
27,SHIRLEY,ALLEN,SHIRLEY.ALLEN@sakilacustomer.org,31,126.69
28,CYNTHIA,YOUNG,CYNTHIA.YOUNG@sakilacustomer.org,32,111.68
29,ANGELA,HERNANDEZ,ANGELA.HERNANDEZ@sakilacustomer.org,36,140.64
30,MELISSA,KING,MELISSA.KING@sakilacustomer.org,34,123.66
31,BRENDA,WRIGHT,BRENDA.WRIGHT@sakilacustomer.org,26,104.74
32,AMY,LOPEZ,AMY.LOPEZ@sakilacustomer.org,29,127.71
33,ANNA,HILL,ANNA.HILL@sakilacustomer.org,21,91.79
34,REBECCA,SCOTT,REBECCA.SCOTT@sakilacustomer.org,24,89.76
35,VIRGINIA,GREEN,VIRGINIA.GREEN@sakilacustomer.org,32,129.68
36,KATHLEEN,ADAMS,KATHLEEN.ADAMS@sakilacustomer.org,27,92.73
37,PAMELA,BAKER,PAMELA.BAKER@sakilacustomer.org,23,95.77
38,MARTHA,GONZALEZ,MARTHA.GONZALEZ@sakilacustomer.org,34,127.66
39,DEBRA,NELSON,DEBRA.NELSON@sakilacustomer.org,29,141.71
40,AMANDA,CARTER,AMANDA.CARTER@sakilacustomer.org,27,110.73
41,STEPHANIE,MITCHELL,STEPHANIE.MITCHELL@sakilacustomer.org,25,118.75
42,CAROLYN,PEREZ,CAROLYN.PEREZ@sakilacustomer.org,30,117.70
43,CHRISTINE,ROBERTS,CHRISTINE.ROBERTS@sakilacustomer.org,24,99.76
44,MARIE,TURNER,MARIE.TURNER@sakilacustomer.org,26,114.74
45,JANET,PHILLIPS,JANET.PHILLIPS@sakilacustomer.org,27,127.73
46,CATHERINE,CAMPBELL,CATHERINE.CAMPBELL@sakilacustomer.org,34,142.66
47,FRANCES,PARKER,FRANCES.PARKER@sakilacustomer.org,22,108.78
48,ANN,EVANS,ANN.EVANS@sakilacustomer.org,17,76.83
49,JOYCE,EDWARDS,JOYCE.EDWARDS@sakilacustomer.org,28,130.72
50,DIANE,COLLINS,DIANE.COLLINS@sakilacustomer.org,35,169.65
51,ALICE,STEWART,ALICE.STEWART@sakilacustomer.org,33,138.67
52,JULIE,SANCHEZ,JULIE.SANCHEZ@sakilacustomer.org,29,107.71
53,HEATHER,MORRIS,HEATHER.MORRIS@sakilacustomer.org,30,115.70
54,TERESA,ROGERS,TERESA.ROGERS@sakilacustomer.org,29,128.71
55,DORIS,REED,DORIS.REED@sakilacustomer.org,22,100.78
56,GLORIA,COOK,GLORIA.COOK@sakilacustomer.org,30,135.70
57,EVELYN,MORGAN,EVELYN.MORGAN@sakilacustomer.org,28,114.72
58,JEAN,BELL,JEAN.BELL@sakilacustomer.org,27,115.73
59,CHERYL,MURPHY,CHERYL.MURPHY@sakilacustomer.org,27,133.73
60,MILDRED,BAILEY,MILDRED.BAILEY@sakilacustomer.org,25,98.75
61,KATHERINE,RIVERA,KATHERINE.RIVERA@sakilacustomer.org,14,58.86
62,JOAN,COOPER,JOAN.COOPER@sakilacustomer.org,23,84.77
63,ASHLEY,RICHARDSON,ASHLEY.RICHARDSON@sakilacustomer.org,25,112.75
64,JUDITH,COX,JUDITH.COX@sakilacustomer.org,33,100.67
65,ROSE,HOWARD,ROSE.HOWARD@sakilacustomer.org,22,103.78
66,JANICE,WARD,JANICE.WARD@sakilacustomer.org,34,144.66
67,KELLY,TORRES,KELLY.TORRES@sakilacustomer.org,22,99.78
68,NICOLE,PETERSON,NICOLE.PETERSON@sakilacustomer.org,22,94.78
69,JUDY,GRAY,JUDY.GRAY@sakilacustomer.org,25,96.75
70,CHRISTINA,RAMIREZ,CHRISTINA.RAMIREZ@sakilacustomer.org,18,80.82
71,KATHY,JAMES,KATHY.JAMES@sakilacustomer.org,30,129.70
72,THERESA,WATSON,THERESA.WATSON@sakilacustomer.org,30,99.70
73,BEVERLY,BROOKS,BEVERLY.BROOKS@sakilacustomer.org,24,97.76
74,DENISE,KELLY,DENISE.KELLY@sakilacustomer.org,27,103.73
75,TAMMY,SANDERS,TAMMY.SANDERS@sakilacustomer.org,41,155.59
76,IRENE,PRICE,IRENE.PRICE@sakilacustomer.org,23,77.77
77,JANE,BENNETT,JANE.BENNETT@sakilacustomer.org,28,100.72
78,LORI,WOOD,LORI.WOOD@sakilacustomer.org,31,141.69
79,RACHEL,BARNES,RACHEL.BARNES@sakilacustomer.org,22,84.78
80,MARILYN,ROSS,MARILYN.ROSS@sakilacustomer.org,30,137.70
81,ANDREA,HENDERSON,ANDREA.HENDERSON@sakilacustomer.org,22,93.78
82,KATHRYN,COLEMAN,KATHRYN.COLEMAN@sakilacustomer.org,26,130.74
83,LOUISE,JENKINS,LOUISE.JENKINS@sakilacustomer.org,25,101.75
84,SARA,PERRY,SARA.PERRY@sakilacustomer.org,33,141.67
85,ANNE,POWELL,ANNE.POWELL@sakilacustomer.org,23,87.77
86,JACQUELINE,LONG,JACQUELINE.LONG@sakilacustomer.org,33,148.67
87,WANDA,PATTERSON,WANDA.PATTERSON@sakilacustomer.org,30,145.70
88,BONNIE,HUGHES,BONNIE.HUGHES@sakilacustomer.org,21,87.79
89,JULIA,FLORES,JULIA.FLORES@sakilacustomer.org,32,134.68
90,RUBY,WASHINGTON,RUBY.WASHINGTON@sakilacustomer.org,28,110.72
91,LOIS,BUTLER,LOIS.BUTLER@sakilacustomer.org,35,113.65
92,TINA,SIMMONS,TINA.SIMMONS@sakilacustomer.org,28,133.72
93,PHYLLIS,FOSTER,PHYLLIS.FOSTER@sakilacustomer.org,23,91.77
94,NORMA,GONZALES,NORMA.GONZALES@sakilacustomer.org,21,79.79
95,PAULA,BRYANT,PAULA.BRYANT@sakilacustomer.org,18,77.82
96,DIANA,ALEXANDER,DIANA.ALEXANDER@sakilacustomer.org,27,105.73
97,ANNIE,RUSSELL,ANNIE.RUSSELL@sakilacustomer.org,18,58.82
98,LILLIAN,GRIFFIN,LILLIAN.GRIFFIN@sakilacustomer.org,25,106.75
99,EMILY,DIAZ,EMILY.DIAZ@sakilacustomer.org,24,91.76
100,ROBIN,HAYES,ROBIN.HAYES@sakilacustomer.org,24,102.76
101,PEGGY,MYERS,PEGGY.MYERS@sakilacustomer.org,24,96.76
102,CRYSTAL,FORD,CRYSTAL.FORD@sakilacustomer.org,33,137.67
103,GLADYS,HAMILTON,GLADYS.HAMILTON@sakilacustomer.org,31,146.69
104,RITA,GRAHAM,RITA.GRAHAM@sakilacustomer.org,24,92.76
105,DAWN,SULLIVAN,DAWN.SULLIVAN@sakilacustomer.org,26,120.74
106,CONNIE,WALLACE,CONNIE.WALLACE@sakilacustomer.org,23,100.77
107,FLORENCE,WOODS,FLORENCE.WOODS@sakilacustomer.org,30,126.70
108,TRACY,COLE,TRACY.COLE@sakilacustomer.org,30,132.70
109,EDNA,WEST,EDNA.WEST@sakilacustomer.org,26,107.74
110,TIFFANY,JORDAN,TIFFANY.JORDAN@sakilacustomer.org,14,59.86
111,CARMEN,OWENS,CARMEN.OWENS@sakilacustomer.org,26,97.74
112,ROSA,REYNOLDS,ROSA.REYNOLDS@sakilacustomer.org,30,133.70
113,CINDY,FISHER,CINDY.FISHER@sakilacustomer.org,29,113.71
114,GRACE,ELLIS,GRACE.ELLIS@sakilacustomer.org,33,139.67
115,WENDY,HARRISON,WENDY.HARRISON@sakilacustomer.org,30,91.70
116,VICTORIA,GIBSON,VICTORIA.GIBSON@sakilacustomer.org,27,111.73
117,EDITH,MCDONALD,EDITH.MCDONALD@sakilacustomer.org,19,71.81
118,KIM,CRUZ,KIM.CRUZ@sakilacustomer.org,21,82.79
119,SHERRY,MARSHALL,SHERRY.MARSHALL@sakilacustomer.org,34,153.66
120,SYLVIA,ORTIZ,SYLVIA.ORTIZ@sakilacustomer.org,32,143.68
121,JOSEPHINE,GOMEZ,JOSEPHINE.GOMEZ@sakilacustomer.org,26,109.74
122,THELMA,MURRAY,THELMA.MURRAY@sakilacustomer.org,32,126.68
123,SHANNON,FREEMAN,SHANNON.FREEMAN@sakilacustomer.org,24,100.76
124,SHEILA,WELLS,SHEILA.WELLS@sakilacustomer.org,18,73.82
125,ETHEL,WEBB,ETHEL.WEBB@sakilacustomer.org,32,135.68
126,ELLEN,SIMPSON,ELLEN.SIMPSON@sakilacustomer.org,28,117.72
127,ELAINE,STEVENS,ELAINE.STEVENS@sakilacustomer.org,24,107.76
128,MARJORIE,TUCKER,MARJORIE.TUCKER@sakilacustomer.org,32,127.68
129,CARRIE,PORTER,CARRIE.PORTER@sakilacustomer.org,34,124.66
130,CHARLOTTE,HUNTER,CHARLOTTE.HUNTER@sakilacustomer.org,24,93.76
131,MONICA,HICKS,MONICA.HICKS@sakilacustomer.org,30,128.70
132,ESTHER,CRAWFORD,ESTHER.CRAWFORD@sakilacustomer.org,28,95.72
133,PAULINE,HENRY,PAULINE.HENRY@sakilacustomer.org,27,98.73
134,EMMA,BOYD,EMMA.BOYD@sakilacustomer.org,23,94.77
135,JUANITA,MASON,JUANITA.MASON@sakilacustomer.org,30,110.70
136,ANITA,MORALES,ANITA.MORALES@sakilacustomer.org,15,62.85
137,RHONDA,KENNEDY,RHONDA.KENNEDY@sakilacustomer.org,39,194.61
138,HAZEL,WARREN,HAZEL.WARREN@sakilacustomer.org,34,110.66
139,AMBER,DIXON,AMBER.DIXON@sakilacustomer.org,27,113.73
140,EVA,RAMOS,EVA.RAMOS@sakilacustomer.org,18,83.82
141,DEBBIE,REYES,DEBBIE.REYES@sakilacustomer.org,32,130.68
142,APRIL,BURNS,APRIL.BURNS@sakilacustomer.org,26,94.74
143,LESLIE,GORDON,LESLIE.GORDON@sakilacustomer.org,22,89.78
144,CLARA,SHAW,CLARA.SHAW@sakilacustomer.org,42,195.58
145,LUCILLE,HOLMES,LUCILLE.HOLMES@sakilacustomer.org,28,108.72
146,JAMIE,RICE,JAMIE.RICE@sakilacustomer.org,29,139.71
147,JOANNE,ROBERTSON,JOANNE.ROBERTSON@sakilacustomer.org,34,127.66
148,ELEANOR,HUNT,ELEANOR.HUNT@sakilacustomer.org,46,216.54
149,VALERIE,BLACK,VALERIE.BLACK@sakilacustomer.org,26,121.74
150,DANIELLE,DANIELS,DANIELLE.DANIELS@sakilacustomer.org,25,105.75
151,MEGAN,PALMER,MEGAN.PALMER@sakilacustomer.org,27,92.73
152,ALICIA,MILLS,ALICIA.MILLS@sakilacustomer.org,21,83.79
153,SUZANNE,NICHOLS,SUZANNE.NICHOLS@sakilacustomer.org,24,94.76
154,MICHELE,GRANT,MICHELE.GRANT@sakilacustomer.org,30,130.70
155,GAIL,KNIGHT,GAIL.KNIGHT@sakilacustomer.org,25,109.75
156,BERTHA,FERGUSON,BERTHA.FERGUSON@sakilacustomer.org,25,101.75
157,DARLENE,ROSE,DARLENE.ROSE@sakilacustomer.org,31,113.69
158,VERONICA,STONE,VERONICA.STONE@sakilacustomer.org,32,126.68
159,JILL,HAWKINS,JILL.HAWKINS@sakilacustomer.org,21,68.79
160,ERIN,DUNN,ERIN.DUNN@sakilacustomer.org,27,106.73
161,GERALDINE,PERKINS,GERALDINE.PERKINS@sakilacustomer.org,30,112.70
162,LAUREN,HUDSON,LAUREN.HUDSON@sakilacustomer.org,20,71.80
163,CATHY,SPENCER,CATHY.SPENCER@sakilacustomer.org,29,122.71
164,JOANN,GARDNER,JOANN.GARDNER@sakilacustomer.org,16,66.84
165,LORRAINE,STEPHENS,LORRAINE.STEPHENS@sakilacustomer.org,21,86.79
166,LYNN,PAYNE,LYNN.PAYNE@sakilacustomer.org,28,123.72
167,SALLY,PIERCE,SALLY.PIERCE@sakilacustomer.org,32,119.68
168,REGINA,BERRY,REGINA.BERRY@sakilacustomer.org,34,135.66
169,ERICA,MATTHEWS,ERICA.MATTHEWS@sakilacustomer.org,22,95.78
170,BEATRICE,ARNOLD,BEATRICE.ARNOLD@sakilacustomer.org,26,119.74
171,DOLORES,WAGNER,DOLORES.WAGNER@sakilacustomer.org,26,114.74
172,BERNICE,WILLIS,BERNICE.WILLIS@sakilacustomer.org,33,145.67
173,AUDREY,RAY,AUDREY.RAY@sakilacustomer.org,29,119.71
174,YVONNE,WATKINS,YVONNE.WATKINS@sakilacustomer.org,21,92.79
175,ANNETTE,OLSON,ANNETTE.OLSON@sakilacustomer.org,24,98.76
176,JUNE,CARROLL,JUNE.CARROLL@sakilacustomer.org,37,173.63
177,SAMANTHA,DUNCAN,SAMANTHA.DUNCAN@sakilacustomer.org,23,71.77
178,MARION,SNYDER,MARION.SNYDER@sakilacustomer.org,39,194.61
179,DANA,HART,DANA.HART@sakilacustomer.org,29,133.71
180,STACY,CUNNINGHAM,STACY.CUNNINGHAM@sakilacustomer.org,23,98.77
181,ANA,BRADLEY,ANA.BRADLEY@sakilacustomer.org,34,174.66
182,RENEE,LANE,RENEE.LANE@sakilacustomer.org,26,97.74
183,IDA,ANDREWS,IDA.ANDREWS@sakilacustomer.org,23,76.77
184,VIVIAN,RUIZ,VIVIAN.RUIZ@sakilacustomer.org,23,90.77
185,ROBERTA,HARPER,ROBERTA.HARPER@sakilacustomer.org,23,84.77
186,HOLLY,FOX,HOLLY.FOX@sakilacustomer.org,31,114.69
187,BRITTANY,RILEY,BRITTANY.RILEY@sakilacustomer.org,28,159.72
188,MELANIE,ARMSTRONG,MELANIE.ARMSTRONG@sakilacustomer.org,25,92.75
189,LORETTA,CARPENTER,LORETTA.CARPENTER@sakilacustomer.org,22,93.78
190,YOLANDA,WEAVER,YOLANDA.WEAVER@sakilacustomer.org,27,110.73
191,JEANETTE,GREENE,JEANETTE.GREENE@sakilacustomer.org,20,74.80
192,LAURIE,LAWRENCE,LAURIE.LAWRENCE@sakilacustomer.org,23,99.77
193,KATIE,ELLIOTT,KATIE.ELLIOTT@sakilacustomer.org,25,109.75
194,KRISTEN,CHAVEZ,KRISTEN.CHAVEZ@sakilacustomer.org,18,87.82
195,VANESSA,SIMS,VANESSA.SIMS@sakilacustomer.org,19,86.81
196,ALMA,AUSTIN,ALMA.AUSTIN@sakilacustomer.org,35,151.65
197,SUE,PETERS,SUE.PETERS@sakilacustomer.org,40,154.60
198,ELSIE,KELLEY,ELSIE.KELLEY@sakilacustomer.org,37,141.63
199,BETH,FRANKLIN,BETH.FRANKLIN@sakilacustomer.org,25,103.75
200,JEANNE,LAWSON,JEANNE.LAWSON@sakilacustomer.org,27,136.73
201,VICKI,FIELDS,VICKI.FIELDS@sakilacustomer.org,25,108.75
202,CARLA,GUTIERREZ,CARLA.GUTIERREZ@sakilacustomer.org,26,103.74
203,TARA,RYAN,TARA.RYAN@sakilacustomer.org,20,88.80
204,ROSEMARY,SCHMIDT,ROSEMARY.SCHMIDT@sakilacustomer.org,35,147.65
205,EILEEN,CARR,EILEEN.CARR@sakilacustomer.org,18,80.82
206,TERRI,VASQUEZ,TERRI.VASQUEZ@sakilacustomer.org,27,126.73
207,GERTRUDE,CASTILLO,GERTRUDE.CASTILLO@sakilacustomer.org,34,137.66
208,LUCY,WHEELER,LUCY.WHEELER@sakilacustomer.org,26,91.74
209,TONYA,CHAPMAN,TONYA.CHAPMAN@sakilacustomer.org,32,161.68
210,ELLA,OLIVER,ELLA.OLIVER@sakilacustomer.org,31,137.69
211,STACEY,MONTGOMERY,STACEY.MONTGOMERY@sakilacustomer.org,34,151.66
212,WILMA,RICHARDS,WILMA.RICHARDS@sakilacustomer.org,20,91.80
213,GINA,WILLIAMSON,GINA.WILLIAMSON@sakilacustomer.org,28,111.72
214,KRISTIN,JOHNSTON,KRISTIN.JOHNSTON@sakilacustomer.org,31,116.69
215,JESSIE,BANKS,JESSIE.BANKS@sakilacustomer.org,26,91.74
216,NATALIE,MEYER,NATALIE.MEYER@sakilacustomer.org,23,95.77
217,AGNES,BISHOP,AGNES.BISHOP@sakilacustomer.org,23,98.77
218,VERA,MCCOY,VERA.MCCOY@sakilacustomer.org,18,67.82
219,WILLIE,HOWELL,WILLIE.HOWELL@sakilacustomer.org,26,101.74
220,CHARLENE,ALVAREZ,CHARLENE.ALVAREZ@sakilacustomer.org,27,114.73
221,BESSIE,MORRISON,BESSIE.MORRISON@sakilacustomer.org,28,132.72
222,DELORES,HANSEN,DELORES.HANSEN@sakilacustomer.org,21,91.79
223,MELINDA,FERNANDEZ,MELINDA.FERNANDEZ@sakilacustomer.org,17,80.83
224,PEARL,GARZA,PEARL.GARZA@sakilacustomer.org,22,76.78
225,ARLENE,HARVEY,ARLENE.HARVEY@sakilacustomer.org,26,120.74
226,MAUREEN,LITTLE,MAUREEN.LITTLE@sakilacustomer.org,21,87.79
227,COLLEEN,BURTON,COLLEEN.BURTON@sakilacustomer.org,24,87.76
228,ALLISON,STANLEY,ALLISON.STANLEY@sakilacustomer.org,27,92.73
229,TAMARA,NGUYEN,TAMARA.NGUYEN@sakilacustomer.org,25,93.75
230,JOY,GEORGE,JOY.GEORGE@sakilacustomer.org,33,124.67
231,GEORGIA,JACOBS,GEORGIA.JACOBS@sakilacustomer.org,26,110.74
232,CONSTANCE,REID,CONSTANCE.REID@sakilacustomer.org,25,95.75
233,LILLIE,KIM,LILLIE.KIM@sakilacustomer.org,23,89.77
234,CLAUDIA,FULLER,CLAUDIA.FULLER@sakilacustomer.org,26,111.74
235,JACKIE,LYNCH,JACKIE.LYNCH@sakilacustomer.org,25,93.75
236,MARCIA,DEAN,MARCIA.DEAN@sakilacustomer.org,42,175.58
237,TANYA,GILBERT,TANYA.GILBERT@sakilacustomer.org,33,144.67
238,NELLIE,GARRETT,NELLIE.GARRETT@sakilacustomer.org,21,94.79
239,MINNIE,ROMERO,MINNIE.ROMERO@sakilacustomer.org,34,142.66
240,MARLENE,WELCH,MARLENE.WELCH@sakilacustomer.org,26,117.74
241,HEIDI,LARSON,HEIDI.LARSON@sakilacustomer.org,34,122.66
242,GLENDA,FRAZIER,GLENDA.FRAZIER@sakilacustomer.org,32,140.68
243,LYDIA,BURKE,LYDIA.BURKE@sakilacustomer.org,24,82.76
244,VIOLA,HANSON,VIOLA.HANSON@sakilacustomer.org,32,129.68
245,COURTNEY,DAY,COURTNEY.DAY@sakilacustomer.org,32,132.68
246,MARIAN,MENDOZA,MARIAN.MENDOZA@sakilacustomer.org,23,107.77
247,STELLA,MORENO,STELLA.MORENO@sakilacustomer.org,22,104.78
248,CAROLINE,BOWMAN,CAROLINE.BOWMAN@sakilacustomer.org,15,50.85
249,DORA,MEDINA,DORA.MEDINA@sakilacustomer.org,23,107.77
250,JO,FOWLER,JO.FOWLER@sakilacustomer.org,20,73.80
251,VICKIE,BREWER,VICKIE.BREWER@sakilacustomer.org,31,120.69
252,MATTIE,HOFFMAN,MATTIE.HOFFMAN@sakilacustomer.org,22,64.78
253,TERRY,CARLSON,TERRY.CARLSON@sakilacustomer.org,29,127.71
254,MAXINE,SILVA,MAXINE.SILVA@sakilacustomer.org,32,116.68
255,IRMA,PEARSON,IRMA.PEARSON@sakilacustomer.org,18,70.82
256,MABEL,HOLLAND,MABEL.HOLLAND@sakilacustomer.org,30,112.70
257,MARSHA,DOUGLAS,MARSHA.DOUGLAS@sakilacustomer.org,37,151.63
258,MYRTLE,FLEMING,MYRTLE.FLEMING@sakilacustomer.org,24,110.76
259,LENA,JENSEN,LENA.JENSEN@sakilacustomer.org,32,168.68
260,CHRISTY,VARGAS,CHRISTY.VARGAS@sakilacustomer.org,31,122.69
261,DEANNA,BYRD,DEANNA.BYRD@sakilacustomer.org,26,107.74
262,PATSY,DAVIDSON,PATSY.DAVIDSON@sakilacustomer.org,28,119.72
263,HILDA,HOPKINS,HILDA.HOPKINS@sakilacustomer.org,29,122.71
264,GWENDOLYN,MAY,GWENDOLYN.MAY@sakilacustomer.org,25,98.75
265,JENNIE,TERRY,JENNIE.TERRY@sakilacustomer.org,29,133.71
266,NORA,HERRERA,NORA.HERRERA@sakilacustomer.org,28,118.72
267,MARGIE,WADE,MARGIE.WADE@sakilacustomer.org,36,159.64
268,NINA,SOTO,NINA.SOTO@sakilacustomer.org,29,123.71
269,CASSANDRA,WALTERS,CASSANDRA.WALTERS@sakilacustomer.org,30,129.70
270,LEAH,CURTIS,LEAH.CURTIS@sakilacustomer.org,25,104.75
271,PENNY,NEAL,PENNY.NEAL@sakilacustomer.org,18,68.82
272,KAY,CALDWELL,KAY.CALDWELL@sakilacustomer.org,20,98.80
273,PRISCILLA,LOWE,PRISCILLA.LOWE@sakilacustomer.org,35,157.65
274,NAOMI,JENNINGS,NAOMI.JENNINGS@sakilacustomer.org,35,152.65
275,CAROLE,BARNETT,CAROLE.BARNETT@sakilacustomer.org,30,108.70
276,BRANDY,GRAVES,BRANDY.GRAVES@sakilacustomer.org,28,122.72
277,OLGA,JIMENEZ,OLGA.JIMENEZ@sakilacustomer.org,32,144.68
278,BILLIE,HORTON,BILLIE.HORTON@sakilacustomer.org,26,88.74
279,DIANNE,SHELTON,DIANNE.SHELTON@sakilacustomer.org,31,135.69
280,TRACEY,BARRETT,TRACEY.BARRETT@sakilacustomer.org,27,118.73
281,LEONA,OBRIEN,LEONA.OBRIEN@sakilacustomer.org,14,50.86
282,JENNY,CASTRO,JENNY.CASTRO@sakilacustomer.org,27,103.73
283,FELICIA,SUTTON,FELICIA.SUTTON@sakilacustomer.org,28,86.72
284,SONIA,GREGORY,SONIA.GREGORY@sakilacustomer.org,28,126.72
285,MIRIAM,MCKINNEY,MIRIAM.MCKINNEY@sakilacustomer.org,26,135.74
286,VELMA,LUCAS,VELMA.LUCAS@sakilacustomer.org,27,117.73
287,BECKY,MILES,BECKY.MILES@sakilacustomer.org,29,115.71
288,BOBBIE,CRAIG,BOBBIE.CRAIG@sakilacustomer.org,24,80.76
289,VIOLET,RODRIQUEZ,VIOLET.RODRIQUEZ@sakilacustomer.org,30,142.70
290,KRISTINA,CHAMBERS,KRISTINA.CHAMBERS@sakilacustomer.org,28,109.72
291,TONI,HOLT,TONI.HOLT@sakilacustomer.org,23,95.77
292,MISTY,LAMBERT,MISTY.LAMBERT@sakilacustomer.org,27,118.73
293,MAE,FLETCHER,MAE.FLETCHER@sakilacustomer.org,31,158.69
294,SHELLY,WATTS,SHELLY.WATTS@sakilacustomer.org,26,113.74
295,DAISY,BATES,DAISY.BATES@sakilacustomer.org,38,162.62
296,RAMONA,HALE,RAMONA.HALE@sakilacustomer.org,30,129.70
297,SHERRI,RHODES,SHERRI.RHODES@sakilacustomer.org,33,128.67
298,ERIKA,PENA,ERIKA.PENA@sakilacustomer.org,26,101.74
299,JAMES,GANNON,JAMES.GANNON@sakilacustomer.org,30,131.70
300,JOHN,FARNSWORTH,JOHN.FARNSWORTH@sakilacustomer.org,31,137.69
301,ROBERT,BAUGHMAN,ROBERT.BAUGHMAN@sakilacustomer.org,21,92.79
302,MICHAEL,SILVERMAN,MICHAEL.SILVERMAN@sakilacustomer.org,29,127.71
303,WILLIAM,SATTERFIELD,WILLIAM.SATTERFIELD@sakilacustomer.org,26,100.74
304,DAVID,ROYAL,DAVID.ROYAL@sakilacustomer.org,26,115.74
305,RICHARD,MCCRARY,RICHARD.MCCRARY@sakilacustomer.org,25,109.75
306,CHARLES,KOWALSKI,CHARLES.KOWALSKI@sakilacustomer.org,32,138.68
307,JOSEPH,JOY,JOSEPH.JOY@sakilacustomer.org,30,134.70
308,THOMAS,GRIGSBY,THOMAS.GRIGSBY@sakilacustomer.org,25,105.75
309,CHRISTOPHER,GRECO,CHRISTOPHER.GRECO@sakilacustomer.org,31,147.69
310,DANIEL,CABRAL,DANIEL.CABRAL@sakilacustomer.org,20,97.80
311,PAUL,TROUT,PAUL.TROUT@sakilacustomer.org,23,120.77
312,MARK,RINEHART,MARK.RINEHART@sakilacustomer.org,26,104.74
313,DONALD,MAHON,DONALD.MAHON@sakilacustomer.org,23,89.77
314,GEORGE,LINTON,GEORGE.LINTON@sakilacustomer.org,33,131.67
315,KENNETH,GOODEN,KENNETH.GOODEN@sakilacustomer.org,17,84.83
316,STEVEN,CURLEY,STEVEN.CURLEY@sakilacustomer.org,29,132.71
317,EDWARD,BAUGH,EDWARD.BAUGH@sakilacustomer.org,28,114.72
318,BRIAN,WYMAN,BRIAN.WYMAN@sakilacustomer.org,12,52.88
319,RONALD,WEINER,RONALD.WEINER@sakilacustomer.org,30,132.70
320,ANTHONY,SCHWAB,ANTHONY.SCHWAB@sakilacustomer.org,20,71.80
321,KEVIN,SCHULER,KEVIN.SCHULER@sakilacustomer.org,22,116.78
322,JASON,MORRISSEY,JASON.MORRISSEY@sakilacustomer.org,28,128.72
323,MATTHEW,MAHAN,MATTHEW.MAHAN@sakilacustomer.org,31,114.69
324,GARY,COY,GARY.COY@sakilacustomer.org,25,103.75
325,TIMOTHY,BUNN,TIMOTHY.BUNN@sakilacustomer.org,22,91.78
326,JOSE,ANDREW,JOSE.ANDREW@sakilacustomer.org,25,96.75
327,LARRY,THRASHER,LARRY.THRASHER@sakilacustomer.org,26,112.74
328,JEFFREY,SPEAR,JEFFREY.SPEAR@sakilacustomer.org,23,90.77
329,FRANK,WAGGONER,FRANK.WAGGONER@sakilacustomer.org,32,127.68
330,SCOTT,SHELLEY,SCOTT.SHELLEY@sakilacustomer.org,25,94.75
331,ERIC,ROBERT,ERIC.ROBERT@sakilacustomer.org,27,122.73
332,STEPHEN,QUALLS,STEPHEN.QUALLS@sakilacustomer.org,28,118.72
333,ANDREW,PURDY,ANDREW.PURDY@sakilacustomer.org,27,109.73
334,RAYMOND,MCWHORTER,RAYMOND.MCWHORTER@sakilacustomer.org,30,135.70
335,GREGORY,MAULDIN,GREGORY.MAULDIN@sakilacustomer.org,23,78.77
336,JOSHUA,MARK,JOSHUA.MARK@sakilacustomer.org,30,119.70
337,JERRY,JORDON,JERRY.JORDON@sakilacustomer.org,29,143.71
338,DENNIS,GILMAN,DENNIS.GILMAN@sakilacustomer.org,28,114.72
339,WALTER,PERRYMAN,WALTER.PERRYMAN@sakilacustomer.org,30,127.70
340,PATRICK,NEWSOM,PATRICK.NEWSOM@sakilacustomer.org,31,119.69
341,PETER,MENARD,PETER.MENARD@sakilacustomer.org,23,106.77
342,HAROLD,MARTINO,HAROLD.MARTINO@sakilacustomer.org,32,130.68
343,DOUGLAS,GRAF,DOUGLAS.GRAF@sakilacustomer.org,25,114.75
344,HENRY,BILLINGSLEY,HENRY.BILLINGSLEY@sakilacustomer.org,18,73.82
345,CARL,ARTIS,CARL.ARTIS@sakilacustomer.org,23,106.77
346,ARTHUR,SIMPKINS,ARTHUR.SIMPKINS@sakilacustomer.org,32,155.68
347,RYAN,SALISBURY,RYAN.SALISBURY@sakilacustomer.org,30,142.70
348,ROGER,QUINTANILLA,ROGER.QUINTANILLA@sakilacustomer.org,36,146.64
349,JOE,GILLILAND,JOE.GILLILAND@sakilacustomer.org,29,138.71
350,JUAN,FRALEY,JUAN.FRALEY@sakilacustomer.org,23,73.77
351,JACK,FOUST,JACK.FOUST@sakilacustomer.org,24,89.76
352,ALBERT,CROUSE,ALBERT.CROUSE@sakilacustomer.org,23,99.77
353,JONATHAN,SCARBOROUGH,JONATHAN.SCARBOROUGH@sakilacustomer.org,18,72.82
354,JUSTIN,NGO,JUSTIN.NGO@sakilacustomer.org,36,129.64
355,TERRY,GRISSOM,TERRY.GRISSOM@sakilacustomer.org,20,72.80
356,GERALD,FULTZ,GERALD.FULTZ@sakilacustomer.org,30,121.70
357,KEITH,RICO,KEITH.RICO@sakilacustomer.org,26,89.74
358,SAMUEL,MARLOW,SAMUEL.MARLOW@sakilacustomer.org,21,80.79
359,WILLIE,MARKHAM,WILLIE.MARKHAM@sakilacustomer.org,25,101.75
360,RALPH,MADRIGAL,RALPH.MADRIGAL@sakilacustomer.org,34,150.66
361,LAWRENCE,LAWTON,LAWRENCE.LAWTON@sakilacustomer.org,31,100.69
362,NICHOLAS,BARFIELD,NICHOLAS.BARFIELD@sakilacustomer.org,32,145.68
363,ROY,WHITING,ROY.WHITING@sakilacustomer.org,29,143.71
364,BENJAMIN,VARNEY,BENJAMIN.VARNEY@sakilacustomer.org,23,95.77
365,BRUCE,SCHWARZ,BRUCE.SCHWARZ@sakilacustomer.org,23,103.77
366,BRANDON,HUEY,BRANDON.HUEY@sakilacustomer.org,37,152.63
367,ADAM,GOOCH,ADAM.GOOCH@sakilacustomer.org,22,101.78
368,HARRY,ARCE,HARRY.ARCE@sakilacustomer.org,35,157.65
369,FRED,WHEAT,FRED.WHEAT@sakilacustomer.org,25,88.75
370,WAYNE,TRUONG,WAYNE.TRUONG@sakilacustomer.org,19,70.81
371,BILLY,POULIN,BILLY.POULIN@sakilacustomer.org,35,149.65
372,STEVE,MACKENZIE,STEVE.MACKENZIE@sakilacustomer.org,34,158.66
373,LOUIS,LEONE,LOUIS.LEONE@sakilacustomer.org,35,161.65
374,JEREMY,HURTADO,JEREMY.HURTADO@sakilacustomer.org,28,103.72
375,AARON,SELBY,AARON.SELBY@sakilacustomer.org,24,110.76
376,RANDY,GAITHER,RANDY.GAITHER@sakilacustomer.org,28,110.72
377,HOWARD,FORTNER,HOWARD.FORTNER@sakilacustomer.org,26,93.74
378,EUGENE,CULPEPPER,EUGENE.CULPEPPER@sakilacustomer.org,19,71.81
379,CARLOS,COUGHLIN,CARLOS.COUGHLIN@sakilacustomer.org,23,106.77
380,RUSSELL,BRINSON,RUSSELL.BRINSON@sakilacustomer.org,36,136.64
381,BOBBY,BOUDREAU,BOBBY.BOUDREAU@sakilacustomer.org,35,106.65
382,VICTOR,BARKLEY,VICTOR.BARKLEY@sakilacustomer.org,24,91.76
383,MARTIN,BALES,MARTIN.BALES@sakilacustomer.org,27,103.73
384,ERNEST,STEPP,ERNEST.STEPP@sakilacustomer.org,25,89.75
385,PHILLIP,HOLM,PHILLIP.HOLM@sakilacustomer.org,26,101.74
386,TODD,TAN,TODD.TAN@sakilacustomer.org,29,117.71
387,JESSE,SCHILLING,JESSE.SCHILLING@sakilacustomer.org,26,101.74
388,CRAIG,MORRELL,CRAIG.MORRELL@sakilacustomer.org,30,124.70
389,ALAN,KAHN,ALAN.KAHN@sakilacustomer.org,26,124.74
390,SHAWN,HEATON,SHAWN.HEATON@sakilacustomer.org,33,152.67
391,CLARENCE,GAMEZ,CLARENCE.GAMEZ@sakilacustomer.org,30,104.70
392,SEAN,DOUGLASS,SEAN.DOUGLASS@sakilacustomer.org,23,91.77
393,PHILIP,CAUSEY,PHILIP.CAUSEY@sakilacustomer.org,31,121.69
394,CHRIS,BROTHERS,CHRIS.BROTHERS@sakilacustomer.org,22,84.78
395,JOHNNY,TURPIN,JOHNNY.TURPIN@sakilacustomer.org,19,57.81
396,EARL,SHANKS,EARL.SHANKS@sakilacustomer.org,27,111.73
397,JIMMY,SCHRADER,JIMMY.SCHRADER@sakilacustomer.org,29,105.71
398,ANTONIO,MEEK,ANTONIO.MEEK@sakilacustomer.org,16,78.84
399,DANNY,ISOM,DANNY.ISOM@sakilacustomer.org,21,91.79
400,BRYAN,HARDISON,BRYAN.HARDISON@sakilacustomer.org,28,124.72
401,TONY,CARRANZA,TONY.CARRANZA@sakilacustomer.org,21,73.79
402,LUIS,YANEZ,LUIS.YANEZ@sakilacustomer.org,20,79.80
403,MIKE,WAY,MIKE.WAY@sakilacustomer.org,35,166.65
404,STANLEY,SCROGGINS,STANLEY.SCROGGINS@sakilacustomer.org,30,139.70
405,LEONARD,SCHOFIELD,LEONARD.SCHOFIELD@sakilacustomer.org,32,109.68
406,NATHAN,RUNYON,NATHAN.RUNYON@sakilacustomer.org,32,122.68
407,DALE,RATCLIFF,DALE.RATCLIFF@sakilacustomer.org,27,112.73
408,MANUEL,MURRELL,MANUEL.MURRELL@sakilacustomer.org,30,116.70
409,RODNEY,MOELLER,RODNEY.MOELLER@sakilacustomer.org,23,104.77
410,CURTIS,IRBY,CURTIS.IRBY@sakilacustomer.org,38,167.62
411,NORMAN,CURRIER,NORMAN.CURRIER@sakilacustomer.org,26,80.74
412,ALLEN,BUTTERFIELD,ALLEN.BUTTERFIELD@sakilacustomer.org,21,85.79
413,MARVIN,YEE,MARVIN.YEE@sakilacustomer.org,21,75.79
414,VINCENT,RALSTON,VINCENT.RALSTON@sakilacustomer.org,25,105.75
415,GLENN,PULLEN,GLENN.PULLEN@sakilacustomer.org,23,93.77
416,JEFFERY,PINSON,JEFFERY.PINSON@sakilacustomer.org,31,121.69
417,TRAVIS,ESTEP,TRAVIS.ESTEP@sakilacustomer.org,25,110.75
418,JEFF,EAST,JEFF.EAST@sakilacustomer.org,30,107.70
419,CHAD,CARBONE,CHAD.CARBONE@sakilacustomer.org,25,89.75
420,JACOB,LANCE,JACOB.LANCE@sakilacustomer.org,21,79.79
421,LEE,HAWKS,LEE.HAWKS@sakilacustomer.org,27,119.73
422,MELVIN,ELLINGTON,MELVIN.ELLINGTON@sakilacustomer.org,26,97.74
423,ALFRED,CASILLAS,ALFRED.CASILLAS@sakilacustomer.org,26,120.74
424,KYLE,SPURLOCK,KYLE.SPURLOCK@sakilacustomer.org,30,110.70
425,FRANCIS,SIKES,FRANCIS.SIKES@sakilacustomer.org,26,104.74
426,BRADLEY,MOTLEY,BRADLEY.MOTLEY@sakilacustomer.org,27,126.73
427,JESUS,MCCARTNEY,JESUS.MCCARTNEY@sakilacustomer.org,24,114.76
428,HERBERT,KRUGER,HERBERT.KRUGER@sakilacustomer.org,20,78.80
429,FREDERICK,ISBELL,FREDERICK.ISBELL@sakilacustomer.org,21,105.79
430,RAY,HOULE,RAY.HOULE@sakilacustomer.org,22,79.78
431,JOEL,FRANCISCO,JOEL.FRANCISCO@sakilacustomer.org,23,95.77
432,EDWIN,BURK,EDWIN.BURK@sakilacustomer.org,23,116.77
433,DON,BONE,DON.BONE@sakilacustomer.org,25,133.75
434,EDDIE,TOMLIN,EDDIE.TOMLIN@sakilacustomer.org,27,128.73
435,RICKY,SHELBY,RICKY.SHELBY@sakilacustomer.org,25,91.75
436,TROY,QUIGLEY,TROY.QUIGLEY@sakilacustomer.org,30,144.70
437,RANDALL,NEUMANN,RANDALL.NEUMANN@sakilacustomer.org,23,99.77
438,BARRY,LOVELACE,BARRY.LOVELACE@sakilacustomer.org,33,134.67
439,ALEXANDER,FENNELL,ALEXANDER.FENNELL@sakilacustomer.org,36,151.64
440,BERNARD,COLBY,BERNARD.COLBY@sakilacustomer.org,22,88.78
441,MARIO,CHEATHAM,MARIO.CHEATHAM@sakilacustomer.org,28,112.72
442,LEROY,BUSTAMANTE,LEROY.BUSTAMANTE@sakilacustomer.org,32,118.68
443,FRANCISCO,SKIDMORE,FRANCISCO.SKIDMORE@sakilacustomer.org,22,98.78
444,MARCUS,HIDALGO,MARCUS.HIDALGO@sakilacustomer.org,30,115.70
445,MICHEAL,FORMAN,MICHEAL.FORMAN@sakilacustomer.org,26,102.74
446,THEODORE,CULP,THEODORE.CULP@sakilacustomer.org,31,116.69
447,CLIFFORD,BOWENS,CLIFFORD.BOWENS@sakilacustomer.org,29,113.71
448,MIGUEL,BETANCOURT,MIGUEL.BETANCOURT@sakilacustomer.org,29,135.71
449,OSCAR,AQUINO,OSCAR.AQUINO@sakilacustomer.org,20,99.80
450,JAY,ROBB,JAY.ROBB@sakilacustomer.org,26,89.74
451,JIM,REA,JIM.REA@sakilacustomer.org,33,128.67
452,TOM,MILNER,TOM.MILNER@sakilacustomer.org,32,107.68
453,CALVIN,MARTEL,CALVIN.MARTEL@sakilacustomer.org,23,111.77
454,ALEX,GRESHAM,ALEX.GRESHAM@sakilacustomer.org,33,151.67
455,JON,WILES,JON.WILES@sakilacustomer.org,24,87.76
456,RONNIE,RICKETTS,RONNIE.RICKETTS@sakilacustomer.org,25,100.75
457,BILL,GAVIN,BILL.GAVIN@sakilacustomer.org,28,114.72
458,LLOYD,DOWD,LLOYD.DOWD@sakilacustomer.org,19,66.81
459,TOMMY,COLLAZO,TOMMY.COLLAZO@sakilacustomer.org,38,186.62
460,LEON,BOSTIC,LEON.BOSTIC@sakilacustomer.org,25,109.75
461,DEREK,BLAKELY,DEREK.BLAKELY@sakilacustomer.org,28,97.72
462,WARREN,SHERROD,WARREN.SHERROD@sakilacustomer.org,33,159.67
463,DARRELL,POWER,DARRELL.POWER@sakilacustomer.org,25,91.75
464,JEROME,KENYON,JEROME.KENYON@sakilacustomer.org,16,73.84
465,FLOYD,GANDY,FLOYD.GANDY@sakilacustomer.org,17,69.83
466,LEO,EBERT,LEO.EBERT@sakilacustomer.org,23,104.77
467,ALVIN,DELOACH,ALVIN.DELOACH@sakilacustomer.org,29,139.71
468,TIM,CARY,TIM.CARY@sakilacustomer.org,39,175.61
469,WESLEY,BULL,WESLEY.BULL@sakilacustomer.org,40,177.60
470,GORDON,ALLARD,GORDON.ALLARD@sakilacustomer.org,32,160.68
471,DEAN,SAUER,DEAN.SAUER@sakilacustomer.org,27,109.73
472,GREG,ROBINS,GREG.ROBINS@sakilacustomer.org,30,141.70
473,JORGE,OLIVARES,JORGE.OLIVARES@sakilacustomer.org,34,134.66
474,DUSTIN,GILLETTE,DUSTIN.GILLETTE@sakilacustomer.org,26,100.74
475,PEDRO,CHESTNUT,PEDRO.CHESTNUT@sakilacustomer.org,24,103.76
476,DERRICK,BOURQUE,DERRICK.BOURQUE@sakilacustomer.org,22,95.78
477,DAN,PAINE,DAN.PAINE@sakilacustomer.org,22,109.78
478,LEWIS,LYMAN,LEWIS.LYMAN@sakilacustomer.org,19,86.81
479,ZACHARY,HITE,ZACHARY.HITE@sakilacustomer.org,31,146.69
480,COREY,HAUSER,COREY.HAUSER@sakilacustomer.org,22,101.78
481,HERMAN,DEVORE,HERMAN.DEVORE@sakilacustomer.org,29,115.71
482,MAURICE,CRAWLEY,MAURICE.CRAWLEY@sakilacustomer.org,29,138.71
483,VERNON,CHAPA,VERNON.CHAPA@sakilacustomer.org,18,88.82
484,ROBERTO,VU,ROBERTO.VU@sakilacustomer.org,30,139.70
485,CLYDE,TOBIAS,CLYDE.TOBIAS@sakilacustomer.org,29,115.71
486,GLEN,TALBERT,GLEN.TALBERT@sakilacustomer.org,26,113.74
487,HECTOR,POINDEXTER,HECTOR.POINDEXTER@sakilacustomer.org,26,119.74
488,SHANE,MILLARD,SHANE.MILLARD@sakilacustomer.org,22,95.78
489,RICARDO,MEADOR,RICARDO.MEADOR@sakilacustomer.org,21,99.79
490,SAM,MCDUFFIE,SAM.MCDUFFIE@sakilacustomer.org,24,117.76
491,RICK,MATTOX,RICK.MATTOX@sakilacustomer.org,27,124.73
492,LESTER,KRAUS,LESTER.KRAUS@sakilacustomer.org,16,65.84
493,BRENT,HARKINS,BRENT.HARKINS@sakilacustomer.org,23,112.77
494,RAMON,CHOATE,RAMON.CHOATE@sakilacustomer.org,31,140.69
495,CHARLIE,BESS,CHARLIE.BESS@sakilacustomer.org,26,120.74
496,TYLER,WREN,TYLER.WREN@sakilacustomer.org,21,88.79
497,GILBERT,SLEDGE,GILBERT.SLEDGE@sakilacustomer.org,28,129.72
498,GENE,SANBORN,GENE.SANBORN@sakilacustomer.org,27,97.73
499,MARC,OUTLAW,MARC.OUTLAW@sakilacustomer.org,30,123.70
500,REGINALD,KINDER,REGINALD.KINDER@sakilacustomer.org,28,115.72
501,RUBEN,GEARY,RUBEN.GEARY@sakilacustomer.org,21,89.79
502,BRETT,CORNWELL,BRETT.CORNWELL@sakilacustomer.org,34,138.66
503,ANGEL,BARCLAY,ANGEL.BARCLAY@sakilacustomer.org,32,115.68
504,NATHANIEL,ADAM,NATHANIEL.ADAM@sakilacustomer.org,28,133.72
505,RAFAEL,ABNEY,RAFAEL.ABNEY@sakilacustomer.org,21,97.79
506,LESLIE,SEWARD,LESLIE.SEWARD@sakilacustomer.org,35,152.65
507,EDGAR,RHOADS,EDGAR.RHOADS@sakilacustomer.org,25,95.75
508,MILTON,HOWLAND,MILTON.HOWLAND@sakilacustomer.org,25,127.75
509,RAUL,FORTIER,RAUL.FORTIER@sakilacustomer.org,20,100.80
510,BEN,EASTER,BEN.EASTER@sakilacustomer.org,26,122.74
511,CHESTER,BENNER,CHESTER.BENNER@sakilacustomer.org,24,99.76
512,CECIL,VINES,CECIL.VINES@sakilacustomer.org,26,115.74
513,DUANE,TUBBS,DUANE.TUBBS@sakilacustomer.org,31,148.69
514,FRANKLIN,TROUTMAN,FRANKLIN.TROUTMAN@sakilacustomer.org,22,74.78
515,ANDRE,RAPP,ANDRE.RAPP@sakilacustomer.org,28,126.72
516,ELMER,NOE,ELMER.NOE@sakilacustomer.org,26,98.74
517,BRAD,MCCURDY,BRAD.MCCURDY@sakilacustomer.org,25,105.75
518,GABRIEL,HARDER,GABRIEL.HARDER@sakilacustomer.org,26,111.74
519,RON,DELUCA,RON.DELUCA@sakilacustomer.org,23,103.77
520,MITCHELL,WESTMORELAND,MITCHELL.WESTMORELAND@sakilacustomer.org,32,134.68
521,ROLAND,SOUTH,ROLAND.SOUTH@sakilacustomer.org,23,80.77
522,ARNOLD,HAVENS,ARNOLD.HAVENS@sakilacustomer.org,33,167.67
523,HARVEY,GUAJARDO,HARVEY.GUAJARDO@sakilacustomer.org,22,93.78
524,JARED,ELY,JARED.ELY@sakilacustomer.org,19,87.81
525,ADRIAN,CLARY,ADRIAN.CLARY@sakilacustomer.org,19,74.81
526,KARL,SEAL,KARL.SEAL@sakilacustomer.org,45,221.55
527,CORY,MEEHAN,CORY.MEEHAN@sakilacustomer.org,24,81.76
528,CLAUDE,HERZOG,CLAUDE.HERZOG@sakilacustomer.org,25,111.75
529,ERIK,GUILLEN,ERIK.GUILLEN@sakilacustomer.org,29,118.71
530,DARRYL,ASHCRAFT,DARRYL.ASHCRAFT@sakilacustomer.org,23,76.77
531,JAMIE,WAUGH,JAMIE.WAUGH@sakilacustomer.org,25,118.75
532,NEIL,RENNER,NEIL.RENNER@sakilacustomer.org,32,152.68
533,JESSIE,MILAM,JESSIE.MILAM@sakilacustomer.org,33,141.67
534,CHRISTIAN,JUNG,CHRISTIAN.JUNG@sakilacustomer.org,24,88.76
535,JAVIER,ELROD,JAVIER.ELROD@sakilacustomer.org,32,135.68
536,FERNANDO,CHURCHILL,FERNANDO.CHURCHILL@sakilacustomer.org,25,117.75
537,CLINTON,BUFORD,CLINTON.BUFORD@sakilacustomer.org,25,103.75
538,TED,BREAUX,TED.BREAUX@sakilacustomer.org,29,117.71
539,MATHEW,BOLIN,MATHEW.BOLIN@sakilacustomer.org,22,90.78
540,TYRONE,ASHER,TYRONE.ASHER@sakilacustomer.org,24,112.76
541,DARREN,WINDHAM,DARREN.WINDHAM@sakilacustomer.org,24,108.76
542,LONNIE,TIRADO,LONNIE.TIRADO@sakilacustomer.org,18,94.82
543,LANCE,PEMBERTON,LANCE.PEMBERTON@sakilacustomer.org,22,82.78
544,CODY,NOLEN,CODY.NOLEN@sakilacustomer.org,22,98.78
545,JULIO,NOLAND,JULIO.NOLAND@sakilacustomer.org,21,89.79
546,KELLY,KNOTT,KELLY.KNOTT@sakilacustomer.org,25,103.75
547,KURT,EMMONS,KURT.EMMONS@sakilacustomer.org,23,99.77
548,ALLAN,CORNISH,ALLAN.CORNISH@sakilacustomer.org,19,79.81
549,NELSON,CHRISTENSON,NELSON.CHRISTENSON@sakilacustomer.org,20,77.80
550,GUY,BROWNLEE,GUY.BROWNLEE@sakilacustomer.org,32,159.68
551,CLAYTON,BARBEE,CLAYTON.BARBEE@sakilacustomer.org,26,96.74
552,HUGH,WALDROP,HUGH.WALDROP@sakilacustomer.org,21,90.79
553,MAX,PITT,MAX.PITT@sakilacustomer.org,24,107.76
554,DWAYNE,OLVERA,DWAYNE.OLVERA@sakilacustomer.org,22,101.78
555,DWIGHT,LOMBARDI,DWIGHT.LOMBARDI@sakilacustomer.org,17,74.83
556,ARMANDO,GRUBER,ARMANDO.GRUBER@sakilacustomer.org,21,83.79
557,FELIX,GAFFNEY,FELIX.GAFFNEY@sakilacustomer.org,24,73.76
558,JIMMIE,EGGLESTON,JIMMIE.EGGLESTON@sakilacustomer.org,28,135.72
559,EVERETT,BANDA,EVERETT.BANDA@sakilacustomer.org,28,110.72
560,JORDAN,ARCHULETA,JORDAN.ARCHULETA@sakilacustomer.org,30,132.70
561,IAN,STILL,IAN.STILL@sakilacustomer.org,27,96.73
562,WALLACE,SLONE,WALLACE.SLONE@sakilacustomer.org,25,109.75
563,KEN,PREWITT,KEN.PREWITT@sakilacustomer.org,29,110.71
564,BOB,PFEIFFER,BOB.PFEIFFER@sakilacustomer.org,24,91.76
565,JAIME,NETTLES,JAIME.NETTLES@sakilacustomer.org,29,126.71
566,CASEY,MENA,CASEY.MENA@sakilacustomer.org,34,141.66
567,ALFREDO,MCADAMS,ALFREDO.MCADAMS@sakilacustomer.org,20,85.80
568,ALBERTO,HENNING,ALBERTO.HENNING@sakilacustomer.org,21,66.79
569,DAVE,GARDINER,DAVE.GARDINER@sakilacustomer.org,32,134.68
570,IVAN,CROMWELL,IVAN.CROMWELL@sakilacustomer.org,26,99.74
571,JOHNNIE,CHISHOLM,JOHNNIE.CHISHOLM@sakilacustomer.org,24,121.76
572,SIDNEY,BURLESON,SIDNEY.BURLESON@sakilacustomer.org,25,108.75
573,BYRON,BOX,BYRON.BOX@sakilacustomer.org,29,120.71
574,JULIAN,VEST,JULIAN.VEST@sakilacustomer.org,28,109.72
575,ISAAC,OGLESBY,ISAAC.OGLESBY@sakilacustomer.org,29,126.71
576,MORRIS,MCCARTER,MORRIS.MCCARTER@sakilacustomer.org,34,139.66
577,CLIFTON,MALCOLM,CLIFTON.MALCOLM@sakilacustomer.org,27,117.73
578,WILLARD,LUMPKIN,WILLARD.LUMPKIN@sakilacustomer.org,22,96.78
579,DARYL,LARUE,DARYL.LARUE@sakilacustomer.org,27,111.73
580,ROSS,GREY,ROSS.GREY@sakilacustomer.org,27,99.73
581,VIRGIL,WOFFORD,VIRGIL.WOFFORD@sakilacustomer.org,27,107.73
582,ANDY,VANHORN,ANDY.VANHORN@sakilacustomer.org,25,113.75
583,MARSHALL,THORN,MARSHALL.THORN@sakilacustomer.org,23,117.77
584,SALVADOR,TEEL,SALVADOR.TEEL@sakilacustomer.org,30,129.70
585,PERRY,SWAFFORD,PERRY.SWAFFORD@sakilacustomer.org,24,117.76
586,KIRK,STCLAIR,KIRK.STCLAIR@sakilacustomer.org,19,64.81
587,SERGIO,STANFIELD,SERGIO.STANFIELD@sakilacustomer.org,26,108.74
588,MARION,OCAMPO,MARION.OCAMPO@sakilacustomer.org,29,115.71
589,TRACY,HERRMANN,TRACY.HERRMANN@sakilacustomer.org,28,129.72
590,SETH,HANNON,SETH.HANNON@sakilacustomer.org,25,112.75
591,KENT,ARSENAULT,KENT.ARSENAULT@sakilacustomer.org,27,134.73
592,TERRANCE,ROUSH,TERRANCE.ROUSH@sakilacustomer.org,29,111.71
593,RENE,MCALISTER,RENE.MCALISTER@sakilacustomer.org,26,113.74
594,EDUARDO,HIATT,EDUARDO.HIATT@sakilacustomer.org,27,130.73
595,TERRENCE,GUNDERSON,TERRENCE.GUNDERSON@sakilacustomer.org,30,117.70
596,ENRIQUE,FORSYTHE,ENRIQUE.FORSYTHE@sakilacustomer.org,28,96.72
597,FREDDIE,DUGGAN,FREDDIE.DUGGAN@sakilacustomer.org,25,99.75
598,WADE,DELVALLE,WADE.DELVALLE@sakilacustomer.org,22,83.78
599,AUSTIN,CINTRON,AUSTIN.CINTRON@sakilacustomer.org,19,83.81
