customer_id,first_name,last_name,email,rental_count
1,MARY,SMITH,MARY.SMITH@sakilacustomer.org,32
2,PATRICIA,JOHNSON,PATRICIA.JOHNSON@sakilacustomer.org,27
3,LINDA,WILLIAMS,LINDA.WILLIAMS@sakilacustomer.org,26
4,BARBARA,JONES,BARBARA.JONES@sakilacustomer.org,22
5,ELIZABETH,BROWN,ELIZABETH.BROWN@sakilacustomer.org,38
6,JENNIFER,DAVIS,JENNIFER.DAVIS@sakilacustomer.org,28
7,MARIA,MILLER,MARIA.MILLER@sakilacustomer.org,33
8,SUSAN,WILSON,SUSAN.WILSON@sakilacustomer.org,24
9,MARGARET,MOORE,MARGARET.MOORE@sakilacustomer.org,23
10,DOROTHY,TAYLOR,DOROTHY.TAYLOR@sakilacustomer.org,25
11,LISA,ANDERSON,LISA.ANDERSON@sakilacustomer.org,24
12,NANCY,THOMAS,NANCY.THOMAS@sakilacustomer.org,28
13,KAREN,JACKSON,KAREN.JACKSON@sakilacustomer.org,27
14,BETTY,WHITE,BETTY.WHITE@sakilacustomer.org,28
15,HELEN,HARRIS,HELEN.HARRIS@sakilacustomer.org,32
16,SANDRA,MARTIN,SANDRA.MARTIN@sakilacustomer.org,28
17,DONNA,THOMPSON,DONNA.THOMPSON@sakilacustomer.org,21
18,CAROL,GARCIA,CAROL.GARCIA@sakilacustomer.org,22
19,RUTH,MARTINEZ,RUTH.MARTINEZ@sakilacustomer.org,24
20,SHARON,ROBINSON,SHARON.ROBINSON@sakilacustomer.org,30
21,MICHELLE,CLARK,MICHELLE.CLARK@sakilacustomer.org,35
22,LAURA,RODRIGUEZ,LAURA.RODRIGUEZ@sakilacustomer.org,22
23,SARAH,LEWIS,SARAH.LEWIS@sakilacustomer.org,30
24,KIMBERLY,LEE,KIMBERLY.LEE@sakilacustomer.org,25
25,DEBORAH,WALKER,DEBORAH.WALKER@sakilacustomer.org,29
26,JESSICA,HALL,JESSICA.HALL@sakilacustomer.org,34
27,SHIRLEY,ALLEN,SHIRLEY.ALLEN@sakilacustomer.org,31
28,CYNTHIA,YOUNG,CYNTHIA.YOUNG@sakilacustomer.org,32
29,ANGELA,HERNANDEZ,ANGELA.HERNANDEZ@sakilacustomer.org,36
30,MELISSA,KING,MELISSA.KING@sakilacustomer.org,34
31,BRENDA,WRIGHT,BRENDA.WRIGHT@sakilacustomer.org,26
32,AMY,LOPEZ,AMY.LOPEZ@sakilacustomer.org,29
33,ANNA,HILL,ANNA.HILL@sakilacustomer.org,21
34,REBECCA,SCOTT,REBECCA.SCOTT@sakilacustomer.org,24
35,VIRGINIA,GREEN,VIRGINIA.GREEN@sakilacustomer.org,32
36,KATHLEEN,ADAMS,KATHLEEN.ADAMS@sakilacustomer.org,27
37,PAMELA,BAKER,PAMELA.BAKER@sakilacustomer.org,23
38,MARTHA,GONZALEZ,MARTHA.GONZALEZ@sakilacustomer.org,34
39,DEBRA,NELSON,DEBRA.NELSON@sakilacustomer.org,29
40,AMANDA,CARTER,AMANDA.CARTER@sakilacustomer.org,27
41,STEPHANIE,MITCHELL,STEPHANIE.MITCHELL@sakilacustomer.org,25
42,CAROLYN,PEREZ,CAROLYN.PEREZ@sakilacustomer.org,30
43,CHRISTINE,ROBERTS,CHRISTINE.ROBERTS@sakilacustomer.org,24
44,MARIE,TURNER,MARIE.TURNER@sakilacustomer.org,26
45,JANET,PHILLIPS,JANET.PHILLIPS@sakilacustomer.org,27
46,CATHERINE,CAMPBELL,CATHERINE.CAMPBELL@sakilacustomer.org,34
47,FRANCES,PARKER,FRANCES.PARKER@sakilacustomer.org,22
48,ANN,EVANS,ANN.EVANS@sakilacustomer.org,17
49,JOYCE,EDWARDS,JOYCE.EDWARDS@sakilacustomer.org,28
50,DIANE,COLLINS,DIANE.COLLINS@sakilacustomer.org,35
51,ALICE,STEWART,ALICE.STEWART@sakilacustomer.org,33
52,JULIE,SANCHEZ,JULIE.SANCHEZ@sakilacustomer.org,29
53,HEATHER,MORRIS,HEATHER.MORRIS@sakilacustomer.org,30
54,TERESA,ROGERS,TERESA.ROGERS@sakilacustomer.org,29
55,DORIS,REED,DORIS.REED@sakilacustomer.org,22
56,GLORIA,COOK,GLORIA.COOK@sakilacustomer.org,30
57,EVELYN,MORGAN,EVELYN.MORGAN@sakilacustomer.org,28
58,JEAN,BELL,JEAN.BELL@sakilacustomer.org,27
59,CHERYL,MURPHY,CHERYL.MURPHY@sakilacustomer.org,27
60,MILDRED,BAILEY,MILDRED.BAILEY@sakilacustomer.org,25
61,KATHERINE,RIVERA,KATHERINE.RIVERA@sakilacustomer.org,14
62,JOAN,COOPER,JOAN.COOPER@sakilacustomer.org,23
63,ASHLEY,RICHARDSON,ASHLEY.RICHARDSON@sakilacustomer.org,25
64,JUDITH,COX,JUDITH.COX@sakilacustomer.org,33
65,ROSE,HOWARD,ROSE.HOWARD@sakilacustomer.org,22
66,JANICE,WARD,JANICE.WARD@sakilacustomer.org,34
67,KELLY,TORRES,KELLY.TORRES@sakilacustomer.org,22
68,NICOLE,PETERSON,NICOLE.PETERSON@sakilacustomer.org,22
69,JUDY,GRAY,JUDY.GRAY@sakilacustomer.org,25
70,CHRISTINA,RAMIREZ,CHRISTINA.RAMIREZ@sakilacustomer.org,18
71,KATHY,JAMES,KATHY.JAMES@sakilacustomer.org,30
72,THERESA,WATSON,THERESA.WATSON@sakilacustomer.org,30
73,BEVERLY,BROOKS,BEVERLY.BROOKS@sakilacustomer.org,24
74,DENISE,KELLY,DENISE.KELLY@sakilacustomer.org,27
75,TAMMY,SANDERS,TAMMY.SANDERS@sakilacustomer.org,41
76,IRENE,PRICE,IRENE.PRICE@sakilacustomer.org,23
77,JANE,BENNETT,JANE.BENNETT@sakilacustomer.org,28
78,LORI,WOOD,LORI.WOOD@sakilacustomer.org,31
79,RACHEL,BARNES,RACHEL.BARNES@sakilacustomer.org,22
80,MARILYN,ROSS,MARILYN.ROSS@sakilacustomer.org,30
81,ANDREA,HENDERSON,ANDREA.HENDERSON@sakilacustomer.org,22
82,KATHRYN,COLEMAN,KATHRYN.COLEMAN@sakilacustomer.org,26
83,LOUISE,JENKINS,LOUISE.JENKINS@sakilacustomer.org,25
84,SARA,PERRY,SARA.PERRY@sakilacustomer.org,33
85,ANNE,POWELL,ANNE.POWELL@sakilacustomer.org,23
86,JACQUELINE,LONG,JACQUELINE.LONG@sakilacustomer.org,33
87,WANDA,PATTERSON,WANDA.PATTERSON@sakilacustomer.org,30
88,BONNIE,HUGHES,BONNIE.HUGHES@sakilacustomer.org,21
89,JULIA,FLORES,JULIA.FLORES@sakilacustomer.org,32
90,RUBY,WASHINGTON,RUBY.WASHINGTON@sakilacustomer.org,28
91,LOIS,BUTLER,LOIS.BUTLER@sakilacustomer.org,35
92,TINA,SIMMONS,TINA.SIMMONS@sakilacustomer.org,28
93,PHYLLIS,FOSTER,PHYLLIS.FOSTER@sakilacustomer.org,23
94,NORMA,GONZALES,NORMA.GONZALES@sakilacustomer.org,21
95,PAULA,BRYANT,PAULA.BRYANT@sakilacustomer.org,18
96,DIANA,ALEXANDER,DIANA.ALEXANDER@sakilacustomer.org,27
97,ANNIE,RUSSELL,ANNIE.RUSSELL@sakilacustomer.org,18
98,LILLIAN,GRIFFIN,LILLIAN.GRIFFIN@sakilacustomer.org,25
99,EMILY,DIAZ,EMILY.DIAZ@sakilacustomer.org,24
100,ROBIN,HAYES,ROBIN.HAYES@sakilacustomer.org,24
101,PEGGY,MYERS,PEGGY.MYERS@sakilacustomer.org,24
102,CRYSTAL,FORD,CRYSTAL.FORD@sakilacustomer.org,33
103,GLADYS,HAMILTON,GLADYS.HAMILTON@sakilacustomer.org,31
104,RITA,GRAHAM,RITA.GRAHAM@sakilacustomer.org,24
105,DAWN,SULLIVAN,DAWN.SULLIVAN@sakilacustomer.org,26
106,CONNIE,WALLACE,CONNIE.WALLACE@sakilacustomer.org,23
107,FLORENCE,WOODS,FLORENCE.WOODS@sakilacustomer.org,30
108,TRACY,COLE,TRACY.COLE@sakilacustomer.org,30
109,EDNA,WEST,EDNA.WEST@sakilacustomer.org,26
110,TIFFANY,JORDAN,TIFFANY.JORDAN@sakilacustomer.org,14
111,CARMEN,OWENS,CARMEN.OWENS@sakilacustomer.org,26
112,ROSA,REYNOLDS,ROSA.REYNOLDS@sakilacustomer.org,30
113,CINDY,FISHER,CINDY.FISHER@sakilacustomer.org,29
114,GRACE,ELLIS,GRACE.ELLIS@sakilacustomer.org,33
115,WENDY,HARRISON,WENDY.HARRISON@sakilacustomer.org,30
116,VICTORIA,GIBSON,VICTORIA.GIBSON@sakilacustomer.org,27
117,EDITH,MCDONALD,EDITH.MCDONALD@sakilacustomer.org,19
118,KIM,CRUZ,KIM.CRUZ@sakilacustomer.org,21
119,SHERRY,MARSHALL,SHERRY.MARSHALL@sakilacustomer.org,34
120,SYLVIA,ORTIZ,SYLVIA.ORTIZ@sakilacustomer.org,32
121,JOSEPHINE,GOMEZ,JOSEPHINE.GOMEZ@sakilacustomer.org,26
122,THELMA,MURRAY,THELMA.MURRAY@sakilacustomer.org,32
123,SHANNON,FREEMAN,SHANNON.FREEMAN@sakilacustomer.org,24
124,SHEILA,WELLS,SHEILA.WELLS@sakilacustomer.org,18
125,ETHEL,WEBB,ETHEL.WEBB@sakilacustomer.org,32
126,ELLEN,SIMPSON,ELLEN.SIMPSON@sakilacustomer.org,28
127,ELAINE,STEVENS,ELAINE.STEVENS@sakilacustomer.org,24
128,MARJORIE,TUCKER,MARJORIE.TUCKER@sakilacustomer.org,32
129,CARRIE,PORTER,CARRIE.PORTER@sakilacustomer.org,34
130,CHARLOTTE,HUNTER,CHARLOTTE.HUNTER@sakilacustomer.org,24
131,MONICA,HICKS,MONICA.HICKS@sakilacustomer.org,30
132,ESTHER,CRAWFORD,ESTHER.CRAWFORD@sakilacustomer.org,28
133,PAULINE,HENRY,PAULINE.HENRY@sakilacustomer.org,27
134,EMMA,BOYD,EMMA.BOYD@sakilacustomer.org,23
135,JUANITA,MASON,JUANITA.MASON@sakilacustomer.org,30
136,ANITA,MORALES,ANITA.MORALES@sakilacustomer.org,15
137,RHONDA,KENNEDY,RHONDA.KENNEDY@sakilacustomer.org,39
138,HAZEL,WARREN,HAZEL.WARREN@sakilacustomer.org,34
139,AMBER,DIXON,AMBER.DIXON@sakilacustomer.org,27
140,EVA,RAMOS,EVA.RAMOS@sakilacustomer.org,18
141,DEBBIE,REYES,DEBBIE.REYES@sakilacustomer.org,32
142,APRIL,BURNS,APRIL.BURNS@sakilacustomer.org,26
143,LESLIE,GORDON,LESLIE.GORDON@sakilacustomer.org,22
144,CLARA,SHAW,CLARA.SHAW@sakilacustomer.org,42
145,LUCILLE,HOLMES,LUCILLE.HOLMES@sakilacustomer.org,28
146,JAMIE,RICE,JAMIE.RICE@sakilacustomer.org,29
147,JOANNE,ROBERTSON,JOANNE.ROBERTSON@sakilacustomer.org,34
148,ELEANOR,HUNT,ELEANOR.HUNT@sakilacustomer.org,46
149,VALERIE,BLACK,VALERIE.BLACK@sakilacustomer.org,26
150,DANIELLE,DANIELS,DANIELLE.DANIELS@sakilacustomer.org,25
151,MEGAN,PALMER,MEGAN.PALMER@sakilacustomer.org,27
152,ALICIA,MILLS,ALICIA.MILLS@sakilacustomer.org,21
153,SUZANNE,NICHOLS,SUZANNE.NICHOLS@sakilacustomer.org,24
154,MICHELE,GRANT,MICHELE.GRANT@sakilacustomer.org,30
155,GAIL,KNIGHT,GAIL.KNIGHT@sakilacustomer.org,25
156,BERTHA,FERGUSON,BERTHA.FERGUSON@sakilacustomer.org,25
157,DARLENE,ROSE,DARLENE.ROSE@sakilacustomer.org,31
158,VERONICA,STONE,VERONICA.STONE@sakilacustomer.org,32
159,JILL,HAWKINS,JILL.HAWKINS@sakilacustomer.org,21
160,ERIN,DUNN,ERIN.DUNN@sakilacustomer.org,27
161,GERALDINE,PERKINS,GERALDINE.PERKINS@sakilacustomer.org,30
162,LAUREN,HUDSON,LAUREN.HUDSON@sakilacustomer.org,20
163,CATHY,SPENCER,CATHY.SPENCER@sakilacustomer.org,29
164,JOANN,GARDNER,JOANN.GARDNER@sakilacustomer.org,16
165,LORRAINE,STEPHENS,LORRAINE.STEPHENS@sakilacustomer.org,21
166,LYNN,PAYNE,LYNN.PAYNE@sakilacustomer.org,28
167,SALLY,PIERCE,SALLY.PIERCE@sakilacustomer.org,32
168,REGINA,BERRY,REGINA.BERRY@sakilacustomer.org,34
169,ERICA,MATTHEWS,ERICA.MATTHEWS@sakilacustomer.org,22
170,BEATRICE,ARNOLD,BEATRICE.ARNOLD@sakilacustomer.org,26
171,DOLORES,WAGNER,DOLORES.WAGNER@sakilacustomer.org,26
172,BERNICE,WILLIS,BERNICE.WILLIS@sakilacustomer.org,33
173,AUDREY,RAY,AUDREY.RAY@sakilacustomer.org,29
174,YVONNE,WATKINS,YVONNE.WATKINS@sakilacustomer.org,21
175,ANNETTE,OLSON,ANNETTE.OLSON@sakilacustomer.org,24
176,JUNE,CARROLL,JUNE.CARROLL@sakilacustomer.org,37
177,SAMANTHA,DUNCAN,SAMANTHA.DUNCAN@sakilacustomer.org,23
178,MARION,SNYDER,MARION.SNYDER@sakilacustomer.org,39
179,DANA,HART,DANA.HART@sakilacustomer.org,29
180,STACY,CUNNINGHAM,STACY.CUNNINGHAM@sakilacustomer.org,23
181,ANA,BRADLEY,ANA.BRADLEY@sakilacustomer.org,34
182,RENEE,LANE,RENEE.LANE@sakilacustomer.org,26
183,IDA,ANDREWS,IDA.ANDREWS@sakilacustomer.org,23
184,VIVIAN,RUIZ,VIVIAN.RUIZ@sakilacustomer.org,23
185,ROBERTA,HARPER,ROBERTA.HARPER@sakilacustomer.org,23
186,HOLLY,FOX,HOLLY.FOX@sakilacustomer.org,31
187,BRITTANY,RILEY,BRITTANY.RILEY@sakilacustomer.org,28
188,MELANIE,ARMSTRONG,MELANIE.ARMSTRONG@sakilacustomer.org,25
189,LORETTA,CARPENTER,LORETTA.CARPENTER@sakilacustomer.org,22
190,YOLANDA,WEAVER,YOLANDA.WEAVER@sakilacustomer.org,27
191,JEANETTE,GREENE,JEANETTE.GREENE@sakilacustomer.org,20
192,LAURIE,LAWRENCE,LAURIE.LAWRENCE@sakilacustomer.org,23
193,KATIE,ELLIOTT,KATIE.ELLIOTT@sakilacustomer.org,25
194,KRISTEN,CHAVEZ,KRISTEN.CHAVEZ@sakilacustomer.org,18
195,VANESSA,SIMS,VANESSA.SIMS@sakilacustomer.org,19
196,ALMA,AUSTIN,ALMA.AUSTIN@sakilacustomer.org,35
197,SUE,PETERS,SUE.PETERS@sakilacustomer.org,40
198,ELSIE,KELLEY,ELSIE.KELLEY@sakilacustomer.org,37
199,BETH,FRANKLIN,BETH.FRANKLIN@sakilacustomer.org,25
200,JEANNE,LAWSON,JEANNE.LAWSON@sakilacustomer.org,27
201,VICKI,FIELDS,VICKI.FIELDS@sakilacustomer.org,25
202,CARLA,GUTIERREZ,CARLA.GUTIERREZ@sakilacustomer.org,26
203,TARA,RYAN,TARA.RYAN@sakilacustomer.org,20
204,ROSEMARY,SCHMIDT,ROSEMARY.SCHMIDT@sakilacustomer.org,35
205,EILEEN,CARR,EILEEN.CARR@sakilacustomer.org,18
206,TERRI,VASQUEZ,TERRI.VASQUEZ@sakilacustomer.org,27
207,GERTRUDE,CASTILLO,GERTRUDE.CASTILLO@sakilacustomer.org,34
208,LUCY,WHEELER,LUCY.WHEELER@sakilacustomer.org,26
209,TONYA,CHAPMAN,TONYA.CHAPMAN@sakilacustomer.org,32
210,ELLA,OLIVER,ELLA.OLIVER@sakilacustomer.org,31
211,STACEY,MONTGOMERY,STACEY.MONTGOMERY@sakilacustomer.org,34
212,WILMA,RICHARDS,WILMA.RICHARDS@sakilacustomer.org,20
213,GINA,WILLIAMSON,GINA.WILLIAMSON@sakilacustomer.org,28
214,KRISTIN,JOHNSTON,KRISTIN.JOHNSTON@sakilacustomer.org,31
215,JESSIE,BANKS,JESSIE.BANKS@sakilacustomer.org,26
216,NATALIE,MEYER,NATALIE.MEYER@sakilacustomer.org,23
217,AGNES,BISHOP,AGNES.BISHOP@sakilacustomer.org,23
218,VERA,MCCOY,VERA.MCCOY@sakilacustomer.org,18
219,WILLIE,HOWELL,WILLIE.HOWELL@sakilacustomer.org,26
220,CHARLENE,ALVAREZ,CHARLENE.ALVAREZ@sakilacustomer.org,27
221,BESSIE,MORRISON,BESSIE.MORRISON@sakilacustomer.org,28
222,DELORES,HANSEN,DELORES.HANSEN@sakilacustomer.org,21
223,MELINDA,FERNANDEZ,MELINDA.FERNANDEZ@sakilacustomer.org,17
224,PEARL,GARZA,PEARL.GARZA@sakilacustomer.org,22
225,ARLENE,HARVEY,ARLENE.HARVEY@sakilacustomer.org,26
226,MAUREEN,LITTLE,MAUREEN.LITTLE@sakilacustomer.org,21
227,COLLEEN,BURTON,COLLEEN.BURTON@sakilacustomer.org,24
228,ALLISON,STANLEY,ALLISON.STANLEY@sakilacustomer.org,27
229,TAMARA,NGUYEN,TAMARA.NGUYEN@sakilacustomer.org,25
230,JOY,GEORGE,JOY.GEORGE@sakilacustomer.org,33
231,GEORGIA,JACOBS,GEORGIA.JACOBS@sakilacustomer.org,26
232,CONSTANCE,REID,CONSTANCE.REID@sakilacustomer.org,25
233,LILLIE,KIM,LILLIE.KIM@sakilacustomer.org,23
234,CLAUDIA,FULLER,CLAUDIA.FULLER@sakilacustomer.org,26
235,JACKIE,LYNCH,JACKIE.LYNCH@sakilacustomer.org,25
236,MARCIA,DEAN,MARCIA.DEAN@sakilacustomer.org,42
237,TANYA,GILBERT,TANYA.GILBERT@sakilacustomer.org,33
238,NELLIE,GARRETT,NELLIE.GARRETT@sakilacustomer.org,21
239,MINNIE,ROMERO,MINNIE.ROMERO@sakilacustomer.org,34
240,MARLENE,WELCH,MARLENE.WELCH@sakilacustomer.org,26
241,HEIDI,LARSON,HEIDI.LARSON@sakilacustomer.org,34
242,GLENDA,FRAZIER,GLENDA.FRAZIER@sakilacustomer.org,32
243,LYDIA,BURKE,LYDIA.BURKE@sakilacustomer.org,24
244,VIOLA,HANSON,VIOLA.HANSON@sakilacustomer.org,32
245,COURTNEY,DAY,COURTNEY.DAY@sakilacustomer.org,32
246,MARIAN,MENDOZA,MARIAN.MENDOZA@sakilacustomer.org,23
247,STELLA,MORENO,STELLA.MORENO@sakilacustomer.org,22
248,CAROLINE,BOWMAN,CAROLINE.BOWMAN@sakilacustomer.org,15
249,DORA,MEDINA,DORA.MEDINA@sakilacustomer.org,23
250,JO,FOWLER,JO.FOWLER@sakilacustomer.org,20
251,VICKIE,BREWER,VICKIE.BREWER@sakilacustomer.org,31
252,MATTIE,HOFFMAN,MATTIE.HOFFMAN@sakilacustomer.org,22
253,TERRY,CARLSON,TERRY.CARLSON@sakilacustomer.org,29
254,MAXINE,SILVA,MAXINE.SILVA@sakilacustomer.org,32
255,IRMA,PEARSON,IRMA.PEARSON@sakilacustomer.org,18
256,MABEL,HOLLAND,MABEL.HOLLAND@sakilacustomer.org,30
257,MARSHA,DOUGLAS,MARSHA.DOUGLAS@sakilacustomer.org,37
258,MYRTLE,FLEMING,MYRTLE.FLEMING@sakilacustomer.org,24
259,LENA,JENSEN,LENA.JENSEN@sakilacustomer.org,32
260,CHRISTY,VARGAS,CHRISTY.VARGAS@sakilacustomer.org,31
261,DEANNA,BYRD,DEANNA.BYRD@sakilacustomer.org,26
262,PATSY,DAVIDSON,PATSY.DAVIDSON@sakilacustomer.org,28
263,HILDA,HOPKINS,HILDA.HOPKINS@sakilacustomer.org,29
264,GWENDOLYN,MAY,GWENDOLYN.MAY@sakilacustomer.org,25
265,JENNIE,TERRY,JENNIE.TERRY@sakilacustomer.org,29
266,NORA,HERRERA,NORA.HERRERA@sakilacustomer.org,28
267,MARGIE,WADE,MARGIE.WADE@sakilacustomer.org,36
268,NINA,SOTO,NINA.SOTO@sakilacustomer.org,29
269,CASSANDRA,WALTERS,CASSANDRA.WALTERS@sakilacustomer.org,30
270,LEAH,CURTIS,LEAH.CURTIS@sakilacustomer.org,25
271,PENNY,NEAL,PENNY.NEAL@sakilacustomer.org,18
272,KAY,CALDWELL,KAY.CALDWELL@sakilacustomer.org,20
273,PRISCILLA,LOWE,PRISCILLA.LOWE@sakilacustomer.org,35
274,NAOMI,JENNINGS,NAOMI.JENNINGS@sakilacustomer.org,35
275,CAROLE,BARNETT,CAROLE.BARNETT@sakilacustomer.org,30
276,BRANDY,GRAVES,BRANDY.GRAVES@sakilacustomer.org,28
277,OLGA,JIMENEZ,OLGA.JIMENEZ@sakilacustomer.org,32
278,BILLIE,HORTON,BILLIE.HORTON@sakilacustomer.org,26
279,DIANNE,SHELTON,DIANNE.SHELTON@sakilacustomer.org,31
280,TRACEY,BARRETT,TRACEY.BARRETT@sakilacustomer.org,27
281,LEONA,OBRIEN,LEONA.OBRIEN@sakilacustomer.org,14
282,JENNY,CASTRO,JENNY.CASTRO@sakilacustomer.org,27
283,FELICIA,SUTTON,FELICIA.SUTTON@sakilacustomer.org,28
284,SONIA,GREGORY,SONIA.GREGORY@sakilacustomer.org,28
285,MIRIAM,MCKINNEY,MIRIAM.MCKINNEY@sakilacustomer.org,26
286,VELMA,LUCAS,VELMA.LUCAS@sakilacustomer.org,27
287,BECKY,MILES,BECKY.MILES@sakilacustomer.org,29
288,BOBBIE,CRAIG,BOBBIE.CRAIG@sakilacustomer.org,24
289,VIOLET,RODRIQUEZ,VIOLET.RODRIQUEZ@sakilacustomer.org,30
290,KRISTINA,CHAMBERS,KRISTINA.CHAMBERS@sakilacustomer.org,28
291,TONI,HOLT,TONI.HOLT@sakilacustomer.org,23
292,MISTY,LAMBERT,MISTY.LAMBERT@sakilacustomer.org,27
293,MAE,FLETCHER,MAE.FLETCHER@sakilacustomer.org,31
294,SHELLY,WATTS,SHELLY.WATTS@sakilacustomer.org,26
295,DAISY,BATES,DAISY.BATES@sakilacustomer.org,38
296,RAMONA,HALE,RAMONA.HALE@sakilacustomer.org,30
297,SHERRI,RHODES,SHERRI.RHODES@sakilacustomer.org,33
298,ERIKA,PENA,ERIKA.PENA@sakilacustomer.org,26
299,JAMES,GANNON,JAMES.GANNON@sakilacustomer.org,30
300,JOHN,FARNSWORTH,JOHN.FARNSWORTH@sakilacustomer.org,31
301,ROBERT,BAUGHMAN,ROBERT.BAUGHMAN@sakilacustomer.org,21
302,MICHAEL,SILVERMAN,MICHAEL.SILVERMAN@sakilacustomer.org,29
303,WILLIAM,SATTERFIELD,WILLIAM.SATTERFIELD@sakilacustomer.org,26
304,DAVID,ROYAL,DAVID.ROYAL@sakilacustomer.org,26
305,RICHARD,MCCRARY,RICHARD.MCCRARY@sakilacustomer.org,25
306,CHARLES,KOWALSKI,CHARLES.KOWALSKI@sakilacustomer.org,32
307,JOSEPH,JOY,JOSEPH.JOY@sakilacustomer.org,30
308,THOMAS,GRIGSBY,THOMAS.GRIGSBY@sakilacustomer.org,25
309,CHRISTOPHER,GRECO,CHRISTOPHER.GRECO@sakilacustomer.org,31
310,DANIEL,CABRAL,DANIEL.CABRAL@sakilacustomer.org,20
311,PAUL,TROUT,PAUL.TROUT@sakilacustomer.org,23
312,MARK,RINEHART,MARK.RINEHART@sakilacustomer.org,26
313,DONALD,MAHON,DONALD.MAHON@sakilacustomer.org,23
314,GEORGE,LINTON,GEORGE.LINTON@sakilacustomer.org,33
315,KENNETH,GOODEN,KENNETH.GOODEN@sakilacustomer.org,17
316,STEVEN,CURLEY,STEVEN.CURLEY@sakilacustomer.org,29
317,EDWARD,BAUGH,EDWARD.BAUGH@sakilacustomer.org,28
318,BRIAN,WYMAN,BRIAN.WYMAN@sakilacustomer.org,12
319,RONALD,WEINER,RONALD.WEINER@sakilacustomer.org,30
320,ANTHONY,SCHWAB,ANTHONY.SCHWAB@sakilacustomer.org,20
321,KEVIN,SCHULER,KEVIN.SCHULER@sakilacustomer.org,22
322,JASON,MORRISSEY,JASON.MORRISSEY@sakilacustomer.org,28
323,MATTHEW,MAHAN,MATTHEW.MAHAN@sakilacustomer.org,31
324,GARY,COY,GARY.COY@sakilacustomer.org,25
325,TIMOTHY,BUNN,TIMOTHY.BUNN@sakilacustomer.org,22
326,JOSE,ANDREW,JOSE.ANDREW@sakilacustomer.org,25
327,LARRY,THRASHER,LARRY.THRASHER@sakilacustomer.org,26
328,JEFFREY,SPEAR,JEFFREY.SPEAR@sakilacustomer.org,23
329,FRANK,WAGGONER,FRANK.WAGGONER@sakilacustomer.org,32
330,SCOTT,SHELLEY,SCOTT.SHELLEY@sakilacustomer.org,25
331,ERIC,ROBERT,ERIC.ROBERT@sakilacustomer.org,27
332,STEPHEN,QUALLS,STEPHEN.QUALLS@sakilacustomer.org,28
333,ANDREW,PURDY,ANDREW.PURDY@sakilacustomer.org,27
334,RAYMOND,MCWHORTER,RAYMOND.MCWHORTER@sakilacustomer.org,30
335,GREGORY,MAULDIN,GREGORY.MAULDIN@sakilacustomer.org,23
336,JOSHUA,MARK,JOSHUA.MARK@sakilacustomer.org,30
337,JERRY,JORDON,JERRY.JORDON@sakilacustomer.org,29
338,DENNIS,GILMAN,DENNIS.GILMAN@sakilacustomer.org,28
339,WALTER,PERRYMAN,WALTER.PERRYMAN@sakilacustomer.org,30
340,PATRICK,NEWSOM,PATRICK.NEWSOM@sakilacustomer.org,31
341,PETER,MENARD,PETER.MENARD@sakilacustomer.org,23
342,HAROLD,MARTINO,HAROLD.MARTINO@sakilacustomer.org,32
343,DOUGLAS,GRAF,DOUGLAS.GRAF@sakilacustomer.org,25
344,HENRY,BILLINGSLEY,HENRY.BILLINGSLEY@sakilacustomer.org,18
345,CARL,ARTIS,CARL.ARTIS@sakilacustomer.org,23
346,ARTHUR,SIMPKINS,ARTHUR.SIMPKINS@sakilacustomer.org,32
347,RYAN,SALISBURY,RYAN.SALISBURY@sakilacustomer.org,30
348,ROGER,QUINTANILLA,ROGER.QUINTANILLA@sakilacustomer.org,36
349,JOE,GILLILAND,JOE.GILLILAND@sakilacustomer.org,29
350,JUAN,FRALEY,JUAN.FRALEY@sakilacustomer.org,23
351,JACK,FOUST,JACK.FOUST@sakilacustomer.org,24
352,ALBERT,CROUSE,ALBERT.CROUSE@sakilacustomer.org,23
353,JONATHAN,SCARBOROUGH,JONATHAN.SCARBOROUGH@sakilacustomer.org,18
354,JUSTIN,NGO,JUSTIN.NGO@sakilacustomer.org,36
355,TERRY,GRISSOM,TERRY.GRISSOM@sakilacustomer.org,20
356,GERALD,FULTZ,GERALD.FULTZ@sakilacustomer.org,30
357,KEITH,RICO,KEITH.RICO@sakilacustomer.org,26
358,SAMUEL,MARLOW,SAMUEL.MARLOW@sakilacustomer.org,21
359,WILLIE,MARKHAM,WILLIE.MARKHAM@sakilacustomer.org,25
360,RALPH,MADRIGAL,RALPH.MADRIGAL@sakilacustomer.org,34
361,LAWRENCE,LAWTON,LAWRENCE.LAWTON@sakilacustomer.org,31
362,NICHOLAS,BARFIELD,NICHOLAS.BARFIELD@sakilacustomer.org,32
363,ROY,WHITING,ROY.WHITING@sakilacustomer.org,29
364,BENJAMIN,VARNEY,BENJAMIN.VARNEY@sakilacustomer.org,23
365,BRUCE,SCHWARZ,BRUCE.SCHWARZ@sakilacustomer.org,23
366,BRANDON,HUEY,BRANDON.HUEY@sakilacustomer.org,37
367,ADAM,GOOCH,ADAM.GOOCH@sakilacustomer.org,22
368,HARRY,ARCE,HARRY.ARCE@sakilacustomer.org,35
369,FRED,WHEAT,FRED.WHEAT@sakilacustomer.org,25
370,WAYNE,TRUONG,WAYNE.TRUONG@sakilacustomer.org,19
371,BILLY,POULIN,BILLY.POULIN@sakilacustomer.org,35
372,STEVE,MACKENZIE,STEVE.MACKENZIE@sakilacustomer.org,34
373,LOUIS,LEONE,LOUIS.LEONE@sakilacustomer.org,35
374,JEREMY,HURTADO,JEREMY.HURTADO@sakilacustomer.org,28
375,AARON,SELBY,AARON.SELBY@sakilacustomer.org,24
376,RANDY,GAITHER,RANDY.GAITHER@sakilacustomer.org,28
377,HOWARD,FORTNER,HOWARD.FORTNER@sakilacustomer.org,26
378,EUGENE,CULPEPPER,EUGENE.CULPEPPER@sakilacustomer.org,19
379,CARLOS,COUGHLIN,CARLOS.COUGHLIN@sakilacustomer.org,23
380,RUSSELL,BRINSON,RUSSELL.BRINSON@sakilacustomer.org,36
381,BOBBY,BOUDREAU,BOBBY.BOUDREAU@sakilacustomer.org,35
382,VICTOR,BARKLEY,VICTOR.BARKLEY@sakilacustomer.org,24
383,MARTIN,BALES,MARTIN.BALES@sakilacustomer.org,27
384,ERNEST,STEPP,ERNEST.STEPP@sakilacustomer.org,25
385,PHILLIP,HOLM,PHILLIP.HOLM@sakilacustomer.org,26
386,TODD,TAN,TODD.TAN@sakilacustomer.org,29
387,JESSE,SCHILLING,JESSE.SCHILLING@sakilacustomer.org,26
388,CRAIG,MORRELL,CRAIG.MORRELL@sakilacustomer.org,30
389,ALAN,KAHN,ALAN.KAHN@sakilacustomer.org,26
390,SHAWN,HEATON,SHAWN.HEATON@sakilacustomer.org,33
391,CLARENCE,GAMEZ,CLARENCE.GAMEZ@sakilacustomer.org,30
392,SEAN,DOUGLASS,SEAN.DOUGLASS@sakilacustomer.org,23
393,PHILIP,CAUSEY,PHILIP.CAUSEY@sakilacustomer.org,31
394,CHRIS,BROTHERS,CHRIS.BROTHERS@sakilacustomer.org,22
395,JOHNNY,TURPIN,JOHNNY.TURPIN@sakilacustomer.org,19
396,EARL,SHANKS,EARL.SHANKS@sakilacustomer.org,27
397,JIMMY,SCHRADER,JIMMY.SCHRADER@sakilacustomer.org,29
398,ANTONIO,MEEK,ANTONIO.MEEK@sakilacustomer.org,16
399,DANNY,ISOM,DANNY.ISOM@sakilacustomer.org,21
400,BRYAN,HARDISON,BRYAN.HARDISON@sakilacustomer.org,28
401,TONY,CARRANZA,TONY.CARRANZA@sakilacustomer.org,21
402,LUIS,YANEZ,LUIS.YANEZ@sakilacustomer.org,20
403,MIKE,WAY,MIKE.WAY@sakilacustomer.org,35
404,STANLEY,SCROGGINS,STANLEY.SCROGGINS@sakilacustomer.org,30
405,LEONARD,SCHOFIELD,LEONARD.SCHOFIELD@sakilacustomer.org,32
406,NATHAN,RUNYON,NATHAN.RUNYON@sakilacustomer.org,32
407,DALE,RATCLIFF,DALE.RATCLIFF@sakilacustomer.org,27
408,MANUEL,MURRELL,MANUEL.MURRELL@sakilacustomer.org,30
409,RODNEY,MOELLER,RODNEY.MOELLER@sakilacustomer.org,23
410,CURTIS,IRBY,CURTIS.IRBY@sakilacustomer.org,38
411,NORMAN,CURRIER,NORMAN.CURRIER@sakilacustomer.org,26
412,ALLEN,BUTTERFIELD,ALLEN.BUTTERFIELD@sakilacustomer.org,21
413,MARVIN,YEE,MARVIN.YEE@sakilacustomer.org,21
414,VINCENT,RALSTON,VINCENT.RALSTON@sakilacustomer.org,25
415,GLENN,PULLEN,GLENN.PULLEN@sakilacustomer.org,23
416,JEFFERY,PINSON,JEFFERY.PINSON@sakilacustomer.org,31
417,TRAVIS,ESTEP,TRAVIS.ESTEP@sakilacustomer.org,25
418,JEFF,EAST,JEFF.EAST@sakilacustomer.org,30
419,CHAD,CARBONE,CHAD.CARBONE@sakilacustomer.org,25
420,JACOB,LANCE,JACOB.LANCE@sakilacustomer.org,21
421,LEE,HAWKS,LEE.HAWKS@sakilacustomer.org,27
422,MELVIN,ELLINGTON,MELVIN.ELLINGTON@sakilacustomer.org,26
423,ALFRED,CASILLAS,ALFRED.CASILLAS@sakilacustomer.org,26
424,KYLE,SPURLOCK,KYLE.SPURLOCK@sakilacustomer.org,30
425,FRANCIS,SIKES,FRANCIS.SIKES@sakilacustomer.org,26
426,BRADLEY,MOTLEY,BRADLEY.MOTLEY@sakilacustomer.org,27
427,JESUS,MCCARTNEY,JESUS.MCCARTNEY@sakilacustomer.org,24
428,HERBERT,KRUGER,HERBERT.KRUGER@sakilacustomer.org,20
429,FREDERICK,ISBELL,FREDERICK.ISBELL@sakilacustomer.org,21
430,RAY,HOULE,RAY.HOULE@sakilacustomer.org,22
431,JOEL,FRANCISCO,JOEL.FRANCISCO@sakilacustomer.org,23
432,EDWIN,BURK,EDWIN.BURK@sakilacustomer.org,23
433,DON,BONE,DON.BONE@sakilacustomer.org,25
434,EDDIE,TOMLIN,EDDIE.TOMLIN@sakilacustomer.org,27
435,RICKY,SHELBY,RICKY.SHELBY@sakilacustomer.org,25
436,TROY,QUIGLEY,TROY.QUIGLEY@sakilacustomer.org,30
437,RANDALL,NEUMANN,RANDALL.NEUMANN@sakilacustomer.org,23
438,BARRY,LOVELACE,BARRY.LOVELACE@sakilacustomer.org,33
439,ALEXANDER,FENNELL,ALEXANDER.FENNELL@sakilacustomer.org,36
440,BERNARD,COLBY,BERNARD.COLBY@sakilacustomer.org,22
441,MARIO,CHEATHAM,MARIO.CHEATHAM@sakilacustomer.org,28
442,LEROY,BUSTAMANTE,LEROY.BUSTAMANTE@sakilacustomer.org,32
443,FRANCISCO,SKIDMORE,FRANCISCO.SKIDMORE@sakilacustomer.org,22
444,MARCUS,HIDALGO,MARCUS.HIDALGO@sakilacustomer.org,30
445,MICHEAL,FORMAN,MICHEAL.FORMAN@sakilacustomer.org,26
446,THEODORE,CULP,THEODORE.CULP@sakilacustomer.org,31
447,CLIFFORD,BOWENS,CLIFFORD.BOWENS@sakilacustomer.org,29
448,MIGUEL,BETANCOURT,MIGUEL.BETANCOURT@sakilacustomer.org,29
449,OSCAR,AQUINO,OSCAR.AQUINO@sakilacustomer.org,20
450,JAY,ROBB,JAY.ROBB@sakilacustomer.org,26
451,JIM,REA,JIM.REA@sakilacustomer.org,33
452,TOM,MILNER,TOM.MILNER@sakilacustomer.org,32
453,CALVIN,MARTEL,CALVIN.MARTEL@sakilacustomer.org,23
454,ALEX,GRESHAM,ALEX.GRESHAM@sakilacustomer.org,33
455,JON,WILES,JON.WILES@sakilacustomer.org,24
456,RONNIE,RICKETTS,RONNIE.RICKETTS@sakilacustomer.org,25
457,BILL,GAVIN,BILL.GAVIN@sakilacustomer.org,28
458,LLOYD,DOWD,LLOYD.DOWD@sakilacustomer.org,19
459,TOMMY,COLLAZO,TOMMY.COLLAZO@sakilacustomer.org,38
460,LEON,BOSTIC,LEON.BOSTIC@sakilacustomer.org,25
461,DEREK,BLAKELY,DEREK.BLAKELY@sakilacustomer.org,28
462,WARREN,SHERROD,WARREN.SHERROD@sakilacustomer.org,33
463,DARRELL,POWER,DARRELL.POWER@sakilacustomer.org,25
464,JEROME,KENYON,JEROME.KENYON@sakilacustomer.org,16
465,FLOYD,GANDY,FLOYD.GANDY@sakilacustomer.org,17
466,LEO,EBERT,LEO.EBERT@sakilacustomer.org,23
467,ALVIN,DELOACH,ALVIN.DELOACH@sakilacustomer.org,29
468,TIM,CARY,TIM.CARY@sakilacustomer.org,39
469,WESLEY,BULL,WESLEY.BULL@sakilacustomer.org,40
470,GORDON,ALLARD,GORDON.ALLARD@sakilacustomer.org,32
471,DEAN,SAUER,DEAN.SAUER@sakilacustomer.org,27
472,GREG,ROBINS,GREG.ROBINS@sakilacustomer.org,30
473,JORGE,OLIVARES,JORGE.OLIVARES@sakilacustomer.org,34
474,DUSTIN,GILLETTE,DUSTIN.GILLETTE@sakilacustomer.org,26
475,PEDRO,CHESTNUT,PEDRO.CHESTNUT@sakilacustomer.org,24
476,DERRICK,BOURQUE,DERRICK.BOURQUE@sakilacustomer.org,22
477,DAN,PAINE,DAN.PAINE@sakilacustomer.org,22
478,LEWIS,LYMAN,LEWIS.LYMAN@sakilacustomer.org,19
479,ZACHARY,HITE,ZACHARY.HITE@sakilacustomer.org,31
480,COREY,HAUSER,COREY.HAUSER@sakilacustomer.org,22
481,HERMAN,DEVORE,HERMAN.DEVORE@sakilacustomer.org,29
482,MAURICE,CRAWLEY,MAURICE.CRAWLEY@sakilacustomer.org,29
483,VERNON,CHAPA,VERNON.CHAPA@sakilacustomer.org,18
484,ROBERTO,VU,ROBERTO.VU@sakilacustomer.org,30
485,CLYDE,TOBIAS,CLYDE.TOBIAS@sakilacustomer.org,29
486,GLEN,TALBERT,GLEN.TALBERT@sakilacustomer.org,26
487,HECTOR,POINDEXTER,HECTOR.POINDEXTER@sakilacustomer.org,26
488,SHANE,MILLARD,SHANE.MILLARD@sakilacustomer.org,22
489,RICARDO,MEADOR,RICARDO.MEADOR@sakilacustomer.org,21
490,SAM,MCDUFFIE,SAM.MCDUFFIE@sakilacustomer.org,24
491,RICK,MATTOX,RICK.MATTOX@sakilacustomer.org,27
492,LESTER,KRAUS,LESTER.KRAUS@sakilacustomer.org,16
493,BRENT,HARKINS,BRENT.HARKINS@sakilacustomer.org,23
494,RAMON,CHOATE,RAMON.CHOATE@sakilacustomer.org,31
495,CHARLIE,BESS,CHARLIE.BESS@sakilacustomer.org,26
496,TYLER,WREN,TYLER.WREN@sakilacustomer.org,21
497,GILBERT,SLEDGE,GILBERT.SLEDGE@sakilacustomer.org,28
498,GENE,SANBORN,GENE.SANBORN@sakilacustomer.org,27
499,MARC,OUTLAW,MARC.OUTLAW@sakilacustomer.org,30
500,REGINALD,KINDER,REGINALD.KINDER@sakilacustomer.org,28
501,RUBEN,GEARY,RUBEN.GEARY@sakilacustomer.org,21
502,BRETT,CORNWELL,BRETT.CORNWELL@sakilacustomer.org,34
503,ANGEL,BARCLAY,ANGEL.BARCLAY@sakilacustomer.org,32
504,NATHANIEL,ADAM,NATHANIEL.ADAM@sakilacustomer.org,28
505,RAFAEL,ABNEY,RAFAEL.ABNEY@sakilacustomer.org,21
506,LESLIE,SEWARD,LESLIE.SEWARD@sakilacustomer.org,35
507,EDGAR,RHOADS,EDGAR.RHOADS@sakilacustomer.org,25
508,MILTON,HOWLAND,MILTON.HOWLAND@sakilacustomer.org,25
509,RAUL,FORTIER,RAUL.FORTIER@sakilacustomer.org,20
510,BEN,EASTER,BEN.EASTER@sakilacustomer.org,26
511,CHESTER,BENNER,CHESTER.BENNER@sakilacustomer.org,24
512,CECIL,VINES,CECIL.VINES@sakilacustomer.org,26
513,DUANE,TUBBS,DUANE.TUBBS@sakilacustomer.org,31
514,FRANKLIN,TROUTMAN,FRANKLIN.TROUTMAN@sakilacustomer.org,22
515,ANDRE,RAPP,ANDRE.RAPP@sakilacustomer.org,28
516,ELMER,NOE,ELMER.NOE@sakilacustomer.org,26
517,BRAD,MCCURDY,BRAD.MCCURDY@sakilacustomer.org,25
518,GABRIEL,HARDER,GABRIEL.HARDER@sakilacustomer.org,26
519,RON,DELUCA,RON.DELUCA@sakilacustomer.org,23
520,MITCHELL,WESTMORELAND,MITCHELL.WESTMORELAND@sakilacustomer.org,32
521,ROLAND,SOUTH,ROLAND.SOUTH@sakilacustomer.org,23
522,ARNOLD,HAVENS,ARNOLD.HAVENS@sakilacustomer.org,33
523,HARVEY,GUAJARDO,HARVEY.GUAJARDO@sakilacustomer.org,22
524,JARED,ELY,JARED.ELY@sakilacustomer.org,19
525,ADRIAN,CLARY,ADRIAN.CLARY@sakilacustomer.org,19
526,KARL,SEAL,KARL.SEAL@sakilacustomer.org,45
527,CORY,MEEHAN,CORY.MEEHAN@sakilacustomer.org,24
528,CLAUDE,HERZOG,CLAUDE.HERZOG@sakilacustomer.org,25
529,ERIK,GUILLEN,ERIK.GUILLEN@sakilacustomer.org,29
530,DARRYL,ASHCRAFT,DARRYL.ASHCRAFT@sakilacustomer.org,23
531,JAMIE,WAUGH,JAMIE.WAUGH@sakilacustomer.org,25
532,NEIL,RENNER,NEIL.RENNER@sakilacustomer.org,32
533,JESSIE,MILAM,JESSIE.MILAM@sakilacustomer.org,33
534,CHRISTIAN,JUNG,CHRISTIAN.JUNG@sakilacustomer.org,24
535,JAVIER,ELROD,JAVIER.ELROD@sakilacustomer.org,32
536,FERNANDO,CHURCHILL,FERNANDO.CHURCHILL@sakilacustomer.org,25
537,CLINTON,BUFORD,CLINTON.BUFORD@sakilacustomer.org,25
538,TED,BREAUX,TED.BREAUX@sakilacustomer.org,29
539,MATHEW,BOLIN,MATHEW.BOLIN@sakilacustomer.org,22
540,TYRONE,ASHER,TYRONE.ASHER@sakilacustomer.org,24
541,DARREN,WINDHAM,DARREN.WINDHAM@sakilacustomer.org,24
542,LONNIE,TIRADO,LONNIE.TIRADO@sakilacustomer.org,18
543,LANCE,PEMBERTON,LANCE.PEMBERTON@sakilacustomer.org,22
544,CODY,NOLEN,CODY.NOLEN@sakilacustomer.org,22
545,JULIO,NOLAND,JULIO.NOLAND@sakilacustomer.org,21
546,KELLY,KNOTT,KELLY.KNOTT@sakilacustomer.org,25
547,KURT,EMMONS,KURT.EMMONS@sakilacustomer.org,23
548,ALLAN,CORNISH,ALLAN.CORNISH@sakilacustomer.org,19
549,NELSON,CHRISTENSON,NELSON.CHRISTENSON@sakilacustomer.org,20
550,GUY,BROWNLEE,GUY.BROWNLEE@sakilacustomer.org,32
551,CLAYTON,BARBEE,CLAYTON.BARBEE@sakilacustomer.org,26
552,HUGH,WALDROP,HUGH.WALDROP@sakilacustomer.org,21
553,MAX,PITT,MAX.PITT@sakilacustomer.org,24
554,DWAYNE,OLVERA,DWAYNE.OLVERA@sakilacustomer.org,22
555,DWIGHT,LOMBARDI,DWIGHT.LOMBARDI@sakilacustomer.org,17
556,ARMANDO,GRUBER,ARMANDO.GRUBER@sakilacustomer.org,21
557,FELIX,GAFFNEY,FELIX.GAFFNEY@sakilacustomer.org,24
558,JIMMIE,EGGLESTON,JIMMIE.EGGLESTON@sakilacustomer.org,28
559,EVERETT,BANDA,EVERETT.BANDA@sakilacustomer.org,28
560,JORDAN,ARCHULETA,JORDAN.ARCHULETA@sakilacustomer.org,30
561,IAN,STILL,IAN.STILL@sakilacustomer.org,27
562,WALLACE,SLONE,WALLACE.SLONE@sakilacustomer.org,25
563,KEN,PREWITT,KEN.PREWITT@sakilacustomer.org,29
564,BOB,PFEIFFER,BOB.PFEIFFER@sakilacustomer.org,24
565,JAIME,NETTLES,JAIME.NETTLES@sakilacustomer.org,29
566,CASEY,MENA,CASEY.MENA@sakilacustomer.org,34
567,ALFREDO,MCADAMS,ALFREDO.MCADAMS@sakilacustomer.org,20
568,ALBERTO,HENNING,ALBERTO.HENNING@sakilacustomer.org,21
569,DAVE,GARDINER,DAVE.GARDINER@sakilacustomer.org,32
570,IVAN,CROMWELL,IVAN.CROMWELL@sakilacustomer.org,26
571,JOHNNIE,CHISHOLM,JOHNNIE.CHISHOLM@sakilacustomer.org,24
572,SIDNEY,BURLESON,SIDNEY.BURLESON@sakilacustomer.org,25
573,BYRON,BOX,BYRON.BOX@sakilacustomer.org,29
574,JULIAN,VEST,JULIAN.VEST@sakilacustomer.org,28
575,ISAAC,OGLESBY,ISAAC.OGLESBY@sakilacustomer.org,29
576,MORRIS,MCCARTER,MORRIS.MCCARTER@sakilacustomer.org,34
577,CLIFTON,MALCOLM,CLIFTON.MALCOLM@sakilacustomer.org,27
578,WILLARD,LUMPKIN,WILLARD.LUMPKIN@sakilacustomer.org,22
579,DARYL,LARUE,DARYL.LARUE@sakilacustomer.org,27
580,ROSS,GREY,ROSS.GREY@sakilacustomer.org,27
581,VIRGIL,WOFFORD,VIRGIL.WOFFORD@sakilacustomer.org,27
582,ANDY,VANHORN,ANDY.VANHORN@sakilacustomer.org,25
583,MARSHALL,THORN,MARSHALL.THORN@sakilacustomer.org,23
584,SALVADOR,TEEL,SALVADOR.TEEL@sakilacustomer.org,30
585,PERRY,SWAFFORD,PERRY.SWAFFORD@sakilacustomer.org,24
586,KIRK,STCLAIR,KIRK.STCLAIR@sakilacustomer.org,19
587,SERGIO,STANFIELD,SERGIO.STANFIELD@sakilacustomer.org,26
588,MARION,OCAMPO,MARION.OCAMPO@sakilacustomer.org,29
589,TRACY,HERRMANN,TRACY.HERRMANN@sakilacustomer.org,28
590,SETH,HANNON,SETH.HANNON@sakilacustomer.org,25
591,KENT,ARSENAULT,KENT.ARSENAULT@sakilacustomer.org,27
592,TERRANCE,ROUSH,TERRANCE.ROUSH@sakilacustomer.org,29
593,RENE,MCALISTER,RENE.MCALISTER@sakilacustomer.org,26
594,EDUARDO,HIATT,EDUARDO.HIATT@sakilacustomer.org,27
595,TERRENCE,GUNDERSON,TERRENCE.GUNDERSON@sakilacustomer.org,30
596,ENRIQUE,FORSYTHE,ENRIQUE.FORSYTHE@sakilacustomer.org,28
597,FREDDIE,DUGGAN,FREDDIE.DUGGAN@sakilacustomer.org,25
598,WADE,DELVALLE,WADE.DELVALLE@sakilacustomer.org,22
599,AUSTIN,CINTRON,AUSTIN.CINTRON@sakilacustomer.org,19
